date,inst_f buy,inst_t buy,inst_txf_net,inst_txf_oi,inst_mtx_net,inst_mtx_oi,tse_open,tse_high,tse_low,tse_close,tse_volume,txf_open,txf_high,txf_low,txf_close,txf_volume,above_ma
2019/1/2,-9525531024,-47841420,-11255,35769,-4637,-3566,9725.269531,9737.679688,9542.519531,9554.139648,72331,9760,9762,9506,9529,165919,0
2019/1/3,-8876753519,-676229506,-2518,33251,2598,-968,9494.25,9554.530273,9474.469727,9492.419922,89857,9488,9547,9433,9443,130622,0
2019/1/4,-9286665740,-1010008792,-3601,29651,1595,623,9427.240234,9427.240234,9319.280273,9382.509766,106187,9367,9410,9305,9370,168543,0
2019/1/7,8233740113,927803271,6510,37763,9204,3419,9460.200195,9596.349609,9460.200195,9590.299805,92057,9541,9588,9490,9563,144887,0
2019/1/8,-953535515,309232983,-2188,35575,1227,4646,9591.55957,9600.94043,9547.629883,9563.599609,77313,9600,9611,9532,9558,120551,0
2019/1/9,12109564071,677467536,8004,44806,2887,2735,9584.629883,9741.639648,9584.629883,9738.30957,126145,9608,9755,9602,9709,160570,0
2019/1/10,-745000032,196797004,2438,47243,174,2917,9731.110352,9731.110352,9683.200195,9720.69043,87641,9710,9713,9673,9694,95986,42
2019/1/11,5870564482,330073506,2119,49362,2435,5352,9753.629883,9796.980469,9736,9759.400391,94030,9760,9803,9724,9750,131199,40
2019/1/14,-4206395196,172637397,-5224,44138,-4159,1193,9737.669922,9762.370117,9677.490234,9708.219727,71640,9738,9756,9660,9689,111772,37
2019/1/15,9109080612,374210075,8029,52955,5920,3961,9701.929688,9806.040039,9701.929688,9806.040039,98071,9743,9817,9715,9794,132371,44
2019/1/16,-1371365328,457295134,-2643,48317,-2880,2329,9781.349609,9803.990234,9763.80957,9763.80957,94928,9781,9804,9755,9784,57162,40
2019/1/17,1183081681,-219050160,4070,52387,3806,6135,9773.30957,9826.25,9759.509766,9789.150391,91046,9777,9834,9721,9779,142681,38
2019/1/18,5015866425,750001648,-55,52332,-78,6057,9781.389648,9842.799805,9771.150391,9836.05957,96032,9825,9846,9770,9821,115258,43
2019/1/21,5397114758,-1164136677,-245,53296,3433,4654,9870.269531,9919.94043,9870.269531,9889.400391,92007,9885,9919,9856,9864,119813,44
2019/1/22,1125837377,-68624098,714,54016,-1577,3053,9880.540039,9894.660156,9855.469727,9894.660156,77311,9841,9868,9822,9845,93360,44
2019/1/23,834523241,370466001,-5762,48254,-4459,-1345,9869.540039,9873.389648,9828.030273,9846.400391,65392,9830,9860,9807,9819,106247,33
2019/1/24,2116959315,68228924,3441,51696,2678,1329,9865,9892.820313,9847.320313,9877.120117,83285,9833,9884,9820,9860,104490,40
2019/1/25,15797919881,713322376,9414,61112,7258,8579,9923.389648,9980.080078,9918.209961,9969.610352,111960,9928,9989,9911,9968,116391,45
2019/1/28,6069484978,405230710,-2126,58986,-1610,6969,10006.45996,10020.59961,9990.070313,10013.33008,92790,10000,10018,9975,9986,81385,42
2019/1/29,-1754874365,-457269813,-6779,52207,-5018,1951,9944.709961,9952.339844,9893.959961,9931.589844,88198,9932,9936,9880,9922,113689,39
2019/1/30,813376602,243960325,-1787,50420,-1306,690,9915.969727,9959.030273,9909.80957,9932.259766,99366,9925,9956,9896,9924,83952,34
2019/2/11,13048754625,-186410340,2482,52906,3694,4321,10029.83984,10065.51953,9988.830078,10004.25,132188,10010,10067,9966,9998,101414,29
2019/2/12,9221739639,-7173776,5077,57992,3267,7552,10032.08008,10100.23047,10032.08008,10097.74023,123237,10049,10093,10029,10084,77940,37
2019/2/13,3393716423,-347195143,-5224,52781,-2601,4921,10123.61035,10140.98047,10074.33984,10090.58008,138600,10125,10128,10055,10085,96268,34
2019/2/14,-852617939,210448920,3637,56449,634,5431,10095.99023,10135.62012,10082,10089.00977,112273,10045,10124,10034,10079,95955,30
2019/2/15,-5231124983,-177568704,617,57066,2019,7450,10111.17969,10135.16016,10055.5,10064.78027,112770,10040,10116,10022,10042,111580,25
2019/2/18,4976359163,64701744,825,58788,4125,7987,10096.94043,10165.76953,10096.94043,10145.28027,102946,10111,10161,10098,10138,96852,33
2019/2/19,1454505771,534301822,1030,59821,1356,9331,10152.11035,10173.46973,10143.15039,10152.25977,101568,10123,10158,10104,10143,71591,32
2019/2/20,10843565364,-78177453,6259,65347,4052,5275,10181.94043,10272.45996,10181.94043,10272.45996,132272,10183,10262,10177,10256,68044,45
2019/2/21,4848117173,-349926260,435,65794,-2182,3045,10282.32031,10319.53027,10256.53027,10319.53027,124139,10255,10327,10232,10323,97327,44
2019/2/22,1279531988,-285294097,-5720,60075,-3369,-328,10309.01953,10322.91992,10269.9502,10322.91992,116690,10272,10312,10245,10308,87939,44
2019/2/25,12384912468,506451083,-691,59388,521,177,10343.4502,10390.92969,10343.4502,10390.92969,133872,10350,10378,10324,10366,104871,45
2019/2/26,4831292203,-352567923,996,60384,-755,-578,10403.03027,10416.91016,10368.86035,10391.54981,139599,10381,10394,10336,10352,100522,44
2019/2/27,4524151315,-1411648610,-423,59961,-1261,-1890,10385.80957,10403.04981,10343.55957,10389.16992,133501,10375,10384,10325,10361,83415,42
2019/3/4,-489435219,-461925292,-8381,51587,-3286,-5204,10385.25,10402.38965,10313.17969,10349.87988,137570,10390,10400,10276,10312,122683,30
2019/3/5,-7027523946,-351216326,3082,53212,-250,374,10323.25,10334.33984,10295.44043,10305.25977,104379,10260,10306,10248,10275,97388,25
2019/3/6,2514223877,-474132720,5005,58217,2732,3113,10328.17969,10359.12012,10327.90039,10357.15039,99868,10283,10333,10282,10322,90466,26
2019/3/7,-3251323354,-69450169,599,58793,-2875,322,10359.46973,10367.98047,10299.45996,10311.67969,107892,10315,10335,10260,10261,95909,24
2019/3/8,-11035414705,-422987131,-2593,56200,-2582,-2260,10274.28027,10274.28027,10204.20996,10241.75,104854,10230,10244,10162,10201,127865,14
2019/3/11,-10357029790,150861180,-1092,55108,-1023,-3283,10224.26953,10269.29981,10214.01953,10250.28027,90908,10170,10234,10168,10227,78112,12
2019/3/12,3077687578,779224430,1439,56571,3738,359,10294.37012,10382.12012,10294.37012,10343.33008,110095,10301,10385,10300,10348,109094,24
2019/3/13,2318438810,238620784,810,57376,-1313,-936,10331.26953,10373.32031,10331.26953,10373.32031,94624,10325,10365,10305,10363,99791,28
2019/3/14,-2223564976,253587913,-6009,51366,-2668,-3600,10391.29981,10407.26953,10339.63965,10348.65039,114085,10390,10392,10322,10337,92014,22
2019/3/15,5563305140,514122234,4478,55853,1857,-1779,10374.66016,10439.24023,10370,10439.24023,153318,10355,10430,10347,10413,105842,35
2019/3/18,5251838839,138872439,221,56074,487,-1292,10455.19043,10512.7002,10445.74023,10512.7002,116102,10437,10487,10420,10478,80996,41
2019/3/19,-224613005,147771270,1309,57383,190,-1102,10497.40039,10525.59961,10484.69043,10512.32031,114940,10483,10511,10461,10501,73231,36
2019/3/20,5595463750,273138541,2707,56702,-700,5283,10529.29981,10556.80957,10506.95996,10551.55957,118934,10493,10549,10492,10545,49292,38
2019/3/21,9908772467,-380653500,5799,63502,1937,3216,10563.92969,10612.33984,10551.66992,10609.54981,111376,10538,10593,10532,10588,90646,42
2019/3/22,2848179606,670184473,-4281,59221,-2629,587,10642.57031,10667.94043,10589.46973,10639.07031,130710,10645,10659,10560,10613,107628,41
2019/3/25,-5182970620,-497201284,-1803,57418,-7195,-6608,10535.12012,10535.12012,10458.79004,10479.48047,107998,10478,10486,10423,10437,100109,28
2019/3/26,-167786961,-188435374,1381,58799,534,-6074,10506.67969,10559.2002,10506.67969,10559.2002,103102,10482,10538,10480,10523,87186,35
2019/3/27,-2008392105,293759630,-1420,56391,-74,-2170,10542.67969,10556.75,10515.86035,10542.7002,103364,10506,10533,10473,10520,88484,31
2019/3/28,47031569,-365690353,4510,60901,697,-1473,10529.01953,10536.25977,10499.29004,10536.25977,88905,10450,10515,10444,10493,83266,29
2019/3/29,6527707679,201291118,-3055,57846,-474,-1947,10551.99023,10641.04004,10525.26953,10641.04004,121401,10551,10600,10476,10598,128133,35
2019/4/1,9134451608,976774867,920,58766,-994,-2941,10714.67969,10735.07031,10627.00977,10642.62988,153345,10679,10715,10615,10640,114428,29
2019/4/2,8002038046,88600012,1441,60207,2327,-614,10695.46973,10728.37988,10685.09961,10690.29981,133668,10688,10704,10668,10678,78326,32
2019/4/3,2834511105,-351624979,-474,59733,-1019,-1588,10725.16992,10741.55957,10690.23047,10704.37988,116310,10688,10728,10671,10695,92554,33
2019/4/8,6797449496,48036125,3046,62779,4431,2843,10759.95996,10807.04981,10759.95996,10800.57031,155952,10779,10795,10745,10770,91782,36
2019/4/9,5162837785,-143447394,4347,67126,2207,5050,10805.38965,10851.59961,10793.76953,10851.59961,138536,10801,10848,10782,10843,70207,42
2019/4/10,-207396847,-312875940,-3012,64114,-2349,2786,10839.92969,10875.65039,10815.61035,10868.13965,128774,10820,10869,10812,10861,69294,40
2019/4/11,-5313582732,-192091196,-1239,62890,-1300,1426,10869.24023,10887.12012,10797.75977,10808.76953,137764,10868,10885,10775,10806,108022,34
2019/4/12,1560258561,-312838511,216,63106,-801,625,10820.94043,10836.44043,10782.01953,10805.29981,119610,10818,10831,10782,10802,74303,32
2019/4/15,4887176695,387326206,-1652,61456,-403,214,10849.83984,10897.20996,10849.54981,10875.59961,119021,10865,10895,10843,10876,72144,31
2019/4/16,5676237019,-290310370,-872,60562,265,479,10905.62988,10927.84961,10876.33984,10927.84961,131120,10870,10932,10863,10930,78811,32
2019/4/17,9424255422,13604421,3562,62747,734,4877,10961.61035,11016.91992,10961.61035,10997.25977,167070,10954,11010,10948,11005,57677,34
2019/4/18,1917093890,-227014575,264,63011,-3949,928,11038.24023,11077.99023,10926.84961,10962.01953,169676,11022,11039,10920,10938,117374,26
2019/4/19,9340177871,-789674774,882,63893,1865,2793,11017.69043,11045.08008,10950.42969,10968.5,126870,11020,11036,10954,10973,88747,25
2019/4/22,-946434627,-294042902,-3159,60734,-1068,1725,10994.51953,11027.49023,10974.82031,10987.70996,111534,11008,11030,10958,10978,77272,24
2019/4/23,3425385385,-961035721,1523,62257,1270,2995,10994.28027,11025.67969,10949.29981,11025.67969,111251,10988,11024,10934,11023,103721,32
2019/4/24,-1240261768,280682475,-6139,56118,-3067,-107,11054.01953,11070.84961,10995.83008,11027.63965,120929,11050,11057,10970,11009,108052,33
2019/4/25,755910589,-197554868,4735,60853,4635,4528,11017.73047,11046.76953,11006.67969,11039.86035,113169,10990,11041,10977,11030,84333,35
2019/4/26,-6476339287,-678414454,-6632,54221,-7067,-2539,10986.53027,10986.53027,10906.44043,10952.46973,113792,10962,10972,10900,10934,117727,30
2019/4/29,-384336006,-1328007872,2227,56448,2838,299,10952.91016,10992.54981,10905.78027,10939.05957,119393,10959,10978,10902,10933,90054,32
2019/4/30,104700093,16586189,1306,57754,1246,1545,10945.94043,10978.09961,10910.78027,10967.73047,103656,10912,10961,10883,10952,99257,34
2019/5/2,5296485685,-42868930,-1047,56707,-663,937,10992.75977,11046.63965,10988.7002,11004.49023,101410,10947,11033,10933,10978,110440,33
2019/5/3,4151629221,670592819,4044,60751,5375,6312,11037.99023,11097,11018.86035,11096.29981,114682,10992,11094,10975,11092,105075,42
2019/5/6,-13956697549,-607779285,-10743,50008,-8866,-2554,11005.36035,11005.36035,10870.40039,10897.12012,138184,10980,10980,10821,10860,157580,21
2019/5/7,160249004,442342162,6923,56949,4110,1484,10913.9502,11004.75977,10913.9502,10987.13965,111886,10900,10996,10900,10971,112170,26
2019/5/8,-6234704409,-515787400,-1932,55017,-6585,-5041,10938.46973,10946.82031,10867.05957,10923.70996,109612,10849,10943,10841,10893,122003,25
2019/5/9,-18547223444,-286574050,-6280,48737,-5722,-10763,10910.46973,10910.46973,10732.96973,10733.66992,140811,10854,10866,10716,10747,160280,12
2019/5/10,-4021026317,-1168047701,8270,57008,4126,-6641,10751.54981,10834.69043,10669.38965,10712.99023,124807,10750,10850,10646,10744,233558,12
2019/5/13,-4072200251,-758977770,-6899,49309,-9544,-12985,10684.04004,10693.44043,10549.05957,10558.29004,113738,10686,10708,10565,10574,141353,7
2019/5/14,-9337273218,-634069036,1687,50970,-1359,-14240,10480.20996,10544.96973,10363.01953,10519.25,139631,10425,10571,10399,10531,161114,6
2019/5/15,-13639741820,435983010,-37,47150,-119,-633,10535.24023,10612.5,10535.24023,10560.70996,114123,10539,10609,10513,10580,76901,8
2019/5/16,-13759020404,242524445,2022,49172,-1211,-1844,10556.58008,10573.92969,10474.61035,10474.61035,113620,10537,10574,10483,10489,135442,5
2019/5/17,-10445921123,-561082416,-1215,47957,-800,-2644,10508.55957,10564.96973,10384.11035,10384.11035,131265,10562,10566,10406,10413,147667,13
2019/5/20,-4503052348,-91897072,4787,52743,1709,-931,10405.36035,10465.83984,10385.17969,10398.41016,106192,10442,10485,10405,10432,137967,19
2019/5/21,-7178679627,437580460,-1661,51082,-1066,-1997,10362.34961,10477.2002,10342.32031,10464.5,128369,10398,10502,10378,10487,139187,26
2019/5/22,-11121446184,794017050,-3585,47497,-1879,-3866,10481.09961,10520.62012,10453.5,10457.21973,95046,10471,10515,10453,10479,116647,24
2019/5/23,-11024782914,-925665170,-5317,40980,-7266,-6332,10404,10404,10289.69043,10308.37012,118008,10422,10424,10285,10311,140726,22
2019/5/24,-8531354816,404598251,4387,45367,4354,-1978,10313.15039,10370.96973,10308.58984,10328.28027,101724,10316,10386,10315,10341,109852,23
2019/5/27,-4682187289,-267250599,-1199,44168,-2065,-4043,10344.17969,10365.44043,10305.28027,10334.12988,92056,10349,10390,10284,10332,103055,26
2019/5/28,-5635242459,127029497,-1424,42744,253,-3790,10348.58008,10361.61035,10312.30957,10312.30957,152630,10369,10374,10309,10340,87522,16
2019/5/29,-6045451244,-86985404,2481,45224,-493,-4294,10277.34961,10307.75,10227.44043,10301.78027,93549,10220,10295,10218,10291,94586,21
2019/5/30,-3723703512,397725365,-865,44348,1236,-3014,10307.12012,10384.36035,10306.03027,10382.99023,95925,10311,10382,10279,10365,118760,30
2019/5/31,1935823391,1100838230,492,44170,1116,782,10386.12012,10515.09961,10369.01953,10498.49023,124057,10332,10493,10330,10455,132152,41
2019/6/3,4256940836,-470794770,310,44409,-2159,-1093,10482.4502,10511.2002,10383.50977,10500.07031,95838,10431,10477,10366,10471,129013,36
2019/6/4,-5845365676,75346470,-2580,41820,-6269,-7326,10499.50977,10518.33008,10421.80957,10429.12012,88930,10461,10483,10401,10416,91564,36
2019/6/5,-524605423,212899189,-70,41759,2723,-3696,10497.5,10541.29004,10446.50977,10461.62012,96883,10495,10510,10439,10456,101491,41
2019/6/6,-2305092765,-404646572,-1588,40187,-3325,-7081,10409.90039,10429.33008,10371.08008,10409.2002,98131,10433,10437,10351,10365,111098,31
2019/6/10,8311096159,635503010,7076,47261,7897,824,10486.23047,10566.46973,10466.24023,10566.46973,107208,10477,10546,10442,10540,122465,39
2019/6/11,3481481206,1024279050,-128,47135,-584,232,10567.54004,10637.90039,10548.05957,10607.75977,122193,10555,10618,10533,10590,101609,35
2019/6/12,-150026789,399395812,564,47698,432,670,10605.75,10630.69043,10566.37012,10615.66016,101116,10587,10611,10564,10591,87261,36
2019/6/13,-7582215536,800199500,-6237,41459,-5696,-5018,10582.19043,10617.05957,10539.49023,10561.00977,95847,10561,10589,10497,10528,113159,30
2019/6/14,-3149226389,83716281,-298,41161,-168,-5186,10546.41992,10568.91992,10517.82031,10524.66992,84219,10534,10558,10516,10528,76827,23
2019/6/17,-4276008252,-228360970,2901,44014,2387,-2735,10488.7002,10562.96973,10474.19043,10530.54004,88004,10477,10565,10460,10545,101665,33
2019/6/18,1537423115,-67059712,-1391,42623,-1432,-4167,10547.15039,10573.76953,10521.7002,10566.74023,80305,10539,10576,10526,10554,65992,29
2019/6/19,17946251224,1001741322,14296,51115,13092,4628,10650.48047,10778.63965,10650.48047,10775.33984,141124,10680,10800,10667,10770,78705,47
2019/6/20,6937059327,582547830,2482,53598,-2833,1791,10749.41016,10799.13965,10745.25,10785.00977,126788,10575,10605,10558,10592,81952,44
2019/6/21,6506815125,323556297,97,53695,-3250,-1459,10817.70996,10840.29004,10773.46973,10803.76953,148881,10628,10641,10564,10586,96523,42
2019/6/24,5413322876,-185492708,-4309,49386,-785,-2244,10734.25,10786.33008,10695.49023,10779.4502,96850,10605,10647,10553,10622,91541,45
2019/6/25,-1999119600,287912130,-3,49383,-4225,-6469,10777.17969,10787.62012,10693.04004,10706.71973,99907,10620,10630,10523,10539,99145,41
2019/6/26,-586276973,106116274,-4000,44283,-3145,-5221,10661.38965,10690.98047,10645.37012,10652.54981,85565,10525,10541,10499,10505,83783,35
2019/6/27,14403949647,840901724,1329,45612,3758,-1463,10674.2002,10800.29004,10674.2002,10773.90039,124603,10535,10642,10532,10621,107401,45
2019/6/28,-2948183014,367402000,1513,47125,-3353,-4816,10786.66016,10788.08008,10719.08008,10730.83008,89585,10621,10627,10550,10577,82315,35
2019/7/1,7230941167,2089516844,-325,46800,2828,-1988,10821.29981,10914.84961,10821.29981,10895.45996,145213,10707,10780,10693,10766,97311,33
2019/7/2,-4964904801,379616780,-2137,44663,-1347,-3335,10878.00977,10888.20996,10843.63965,10865.12012,118911,10738,10766,10729,10749,60623,32
2019/7/3,-8029090918,-1072694800,-2221,42442,-2294,-5632,10793.09961,10812.65039,10720.66016,10743.76953,112004,10733,10741,10202,10641,110709,28
2019/7/4,143866536,-412163806,405,42847,4078,-1554,10755.87012,10791.28027,10750.90039,10775.90039,97217,10691,10729,10677,10707,77761,30
2019/7/5,209805332,-318385452,-765,42083,248,-1306,10785.84961,10812.37988,10756.66992,10785.73047,85169,10713,10749,10682,10718,77789,32
2019/7/8,-6980056197,-658267432,-1045,41035,-2251,-3545,10742.80957,10781.11035,10708.91992,10751.21973,95508,10655,10711,10630,10665,105478,25
2019/7/9,-3239829387,-441084137,-1818,39225,-1771,-5348,10729.83008,10733.57031,10680.84961,10702.78027,93646,10688,10699,10631,10650,79145,14
2019/7/10,1150495305,153912288,3527,42752,7364,2036,10723.23047,10810.16016,10723.23047,10798.48047,103286,10699,10741,10689,10732,99507,27
2019/7/11,4864612203,654797490,1487,44241,-106,1922,10817.59961,10856.50977,10799.65039,10843.41992,130380,10801,10833,10772,10813,83589,27
2019/7/12,-573690027,536460241,-1849,42407,-3722,-1860,10855.16016,10867.58984,10823.88965,10824.34961,120945,10789,10830,10788,10811,67152,21
2019/7/15,765537261,830997378,-1189,41203,60,-1740,10819.91992,10880.55957,10769.57031,10876.42969,117647,10808,10860,10730,10849,115603,24
2019/7/16,-464666196,-91752761,-5316,35861,-811,-2447,10865,10899.83984,10865,10886.04981,117416,10863,10892,10851,10878,72001,26
2019/7/17,-2960907078,-210883660,254,32681,-4907,-1209,10861.11035,10861.11035,10804.33984,10828.48047,113164,10837,10855,10805,10831,70371,24
2019/7/18,-4231738462,-73643814,6046,38694,3104,2027,10821.91992,10835.42969,10792.26953,10799.28027,104950,10625,10676,10623,10651,78963,17
2019/7/19,8159136581,790671521,2404,41117,1455,3406,10861.99023,10919.95996,10861.99023,10873.19043,122917,10757,10792,10727,10740,96592,20
2019/7/22,4732073131,799153962,4288,45404,2730,6140,10910.5,10949.75977,10909.15039,10944.53027,117662,10735,10798,10729,10795,78274,26
2019/7/23,-50658653,287288666,-969,44434,-3284,2860,10963.86035,10994.44043,10932.53027,10947.25977,126648,10822,10836,10785,10803,76789,27
2019/7/24,1199819459,242298430,-280,44154,-1685,1211,10969.74023,10976.45996,10912.91992,10935.75977,132254,10817,10835,10792,10804,66376,21
2019/7/25,2215790521,-209163128,-1030,43124,802,2013,10892.25,10945.91992,10879.40039,10941.41016,133173,10825,10831,10769,10822,73931,22
2019/7/26,-5125185527,353205690,-2562,40552,-5819,-3766,10898.25,10907.44043,10879.24023,10891.98047,111168,10781,10795,10765,10788,53211,19
2019/7/29,-4394416441,403537140,-37,40511,-106,-3856,10872.62988,10905.74023,10863.33008,10885.73047,104444,10779,10802,10744,10782,83163,20
2019/7/30,2609423210,-590438855,-4032,36479,-2628,-6484,10909.98047,10927.16016,10827.74023,10830.90039,130424,10819,10836,10752,10752,91664,17
2019/7/31,-4997911457,352030140,928,37407,-362,-6686,10824.15039,10835.79981,10754.07031,10823.80957,128561,10721,10743,10674,10736,103902,13
2019/8/1,-15891545862,602009280,-4848,32563,-4119,-10805,10773.05957,10773.25,10714.73047,10731.75,129925,10635,10697,10623,10644,109347,7
2019/8/2,-19594004438,-1222542953,-3384,29179,-5989,-16794,10641.28027,10641.28027,10524.67969,10549.04004,158467,10518,10535,10441,10469,142673,3
2019/8/5,-15512287719,-525736380,1173,29154,1351,-10651,10528.87012,10542.49023,10418.25,10423.41016,128506,10421,10460,10358,10376,135526,1
2019/8/6,-5800026921,-748134420,-190,28984,1590,-9141,10304.87988,10425.59961,10180.04004,10394.75,145268,10096,10387,10095,10329,199016,1
2019/8/7,-14327464129,494623238,4048,33056,1607,-7666,10422.88965,10461.37012,10366.54004,10386.17969,120703,10330,10375,10301,10346,113815,4
2019/8/8,1793472413,976051069,1308,34363,2816,-4846,10383.62012,10500.76953,10383.62012,10494.49023,123344,10372,10454,10340,10436,121943,6
2019/8/12,-3665741585,414842318,-432,33931,1145,-3701,10491.79004,10514.04981,10440.76953,10472.36035,123865,10439,10477,10380,10439,86901,10
2019/8/13,-7582680506,235084467,2152,36062,-2051,-5668,10436.62012,10436.62012,10361.88965,10362.66016,118051,10385,10400,10319,10343,102727,10
2019/8/14,-2627745970,1231866370,1380,37442,2036,-3644,10444.5,10518.01953,10427.73047,10427.73047,144380,10457,10492,10416,10429,107677,17
2019/8/15,-6145628561,303469790,1869,39292,-4988,-8556,10374.75,10374.75,10287.75977,10327.12988,121964,10255,10335,10242,10300,114302,13
2019/8/16,-10330491386,-113149813,554,38642,5471,1731,10345.41992,10456.32031,10318.37012,10420.88965,119171,10315,10421,10288,10412,123666,24
2019/8/19,-3702938626,693234510,0,38642,-158,1573,10449.38965,10516.04981,10449.38965,10488.75,119408,10436,10489,10419,10481,84825,30
2019/8/20,-3342281755,105310900,3141,41783,1182,2755,10508.41992,10538.12012,10497.12988,10522.5,120257,10487,10530,10478,10526,75599,30
2019/8/21,-2161265781,77245240,3685,42222,1598,5144,10526.87012,10545.25,10504.49023,10525.79981,109150,10514,10544,10505,10528,55497,28
2019/8/22,-3189775369,1846299687,-4289,37933,-3999,1145,10560.00977,10596.41016,10515.71973,10529.78027,121596,10538,10564,10464,10476,105723,29
2019/8/23,-800864972,-204309340,2221,40154,-748,397,10526.15039,10541.73047,10503.07031,10538.11035,108520,10485,10513,10460,10497,76865,37
2019/8/26,-14402174067,-546233136,-2529,37624,-10033,-9632,10453.40039,10453.40039,10340.15039,10354.57031,115551,10335,10367,10294,10307,120523,10
2019/8/27,-8481630918,718368226,3763,41387,2951,-6681,10386.20996,10431.78027,10368.95996,10387.23047,121110,10372,10390,10343,10363,73260,12
2019/8/28,1281138351,375899128,-508,40873,2937,-3691,10397.59961,10456.29981,10397.59961,10434.29004,100681,10390,10438,10388,10412,86040,15
2019/8/29,-1880973131,346355281,4135,45008,1641,-2050,10440.15039,10466.99023,10406.49023,10462.42969,102955,10420,10442,10376,10430,84000,15
2019/8/30,15110359713,237367875,1676,47684,7189,1139,10504.28027,10618.04981,10504.28027,10618.04981,147467,10520,10584,10517,10577,79663,44
2019/9/2,3883604761,262651741,2051,49735,-1307,-168,10613.19043,10634.84961,10589.41992,10634.84961,105114,10564,10615,10556,10603,60421,48
2019/9/3,-7190625831,-305849830,-3050,46684,-3952,-4116,10629.21973,10650.15039,10557.03027,10558.20996,104904,10599,10632,10537,10543,91885,33
2019/9/4,5374818608,-189157500,4403,51087,7832,3819,10566.32031,10670.42969,10566.32031,10657.30957,105392,10563,10657,10558,10644,86348,46
2019/9/5,18806026488,1375860572,-1093,49994,-914,2905,10718.40039,10766.59961,10714.26953,10756.92969,154068,10719,10762,10703,10734,90561,50
2019/9/6,9263463840,77657353,2003,52750,3005,2898,10783.45996,10803.07031,10753.4502,10780.63965,130591,10776,10783,10741,10767,67991,50
2019/9/9,4280537307,-256558785,1435,54185,-608,2290,10808.67969,10829.44043,10778.15039,10801.13965,116283,10802,10827,10773,10793,68655,49
2019/9/10,2272120451,-629807401,-2279,51907,-2902,-616,10791.9502,10810.03027,10732.78027,10753.58008,120076,10801,10814,10731,10742,76145,43
2019/9/11,6419725368,521739883,-872,51053,527,-155,10787.65039,10815.58984,10746.87012,10790.34961,119512,10795,10808,10751,10774,85539,43
2019/9/12,6416134226,493363371,-171,50883,-720,-879,10830.25,10862.67969,10804.01953,10827.54981,116857,10842,10870,10801,10824,87681,44
2019/9/16,9277921270,598716619,8726,59609,4254,3375,10822.69043,10898.12988,10822.69043,10898.12988,116864,10802,10885,10802,10878,76736,44
2019/9/17,5334542597,128816605,-5040,54569,-2592,783,10908.84961,10912.23047,10866.42969,10874.5,114790,10907,10910,10858,10865,59679,37
2019/9/18,17884120383,-66658641,3698,51961,3305,2945,10887.41992,10971.54004,10878.33984,10929.4502,128752,10912,10963,10884,10960,55502,39
2019/9/19,1064006034,231693254,-4310,47683,-3677,-732,10947.62012,10954.17969,10874.66016,10894.7002,112912,10915,10936,10851,10867,91269,36
2019/9/20,4871134076,793780395,3121,50804,2210,1478,10908.09961,10931.75977,10903.4502,10929.69043,144886,10901,10912,10884,10899,60369,37
2019/9/23,1553583530,-236553753,-965,49839,-2582,-1104,10924.80957,10948.19043,10905.91992,10919.01953,105933,10894,10929,10872,10892,75187,28
2019/9/24,2166237982,-908085183,505,50337,-702,-1778,10917.44043,10947.53027,10886.62012,10918.00977,108998,10911,10932,10865,10905,89394,24
2019/9/25,-3119218272,-41650515,-2014,48321,-4547,-6341,10885.66992,10885.66992,10825.84961,10873.69043,104617,10865,10873,10805,10841,100195,18
2019/9/26,-1032266193,363478167,1527,49848,-885,-7226,10909.57031,10934.91016,10856.95996,10871.99023,113662,10876,10895,10828,10843,83502,17
2019/9/27,2236278880,-642754806,2708,52571,2196,-5090,10904,10921.16992,10827.61035,10829.67969,123502,10876,10897,10811,10823,94659,10
2019/10/1,13954303323,118782408,4631,57182,5550,460,10855.59961,10967.65039,10855.59961,10967.65039,147475,10856,10962,10856,10953,90886,20
2019/10/2,1347933442,739103121,-3017,54169,-3933,-3459,10945.91992,10965.2002,10927.38965,10947.87988,115669,10916,10948,10912,10923,66999,18
2019/10/3,-8736796139,43598897,268,54447,-2261,-5760,10866.5,10888.40039,10809.28027,10875.91016,119910,10827,10877,10773,10849,97153,10
2019/10/4,-927889821,378742120,681,55126,-461,-6213,10907.69043,10941.49023,10854.12012,10894.48047,122526,10881,10912,10820,10877,104736,15
2019/10/7,2550870013,686213421,-1261,53865,2561,-3652,10932.24023,10954.4502,10919.42969,10935.05957,113910,10907,10937,10886,10914,67648,18
2019/10/8,10147137847,-212865499,5900,59765,4582,930,10986.00977,11020.50977,10986.00977,11017.30957,128837,10958,11021,10950,11000,82233,25
2019/10/9,-7197438476,-994408377,-7070,52575,-12580,-11146,10976.92969,10989.38965,10889.95996,10889.95996,129440,10963,10969,10882,10883,81729,9
2019/10/14,15202604370,582839060,5388,57981,6671,-4547,11004.74023,11085.49023,11004.74023,11066.9502,159097,11070,11092,11030,11073,84410,37
2019/10/15,4934607840,284133441,-443,57537,-122,-4665,11103.5,11126.4502,11091.29004,11111.79981,131174,11083,11122,11073,11107,65648,39
2019/10/16,9257812504,113711565,2426,55079,2937,3369,11166.16992,11180.11035,11113.17969,11162.83008,146453,11158,11171,11130,11146,61672,41
2019/10/17,9216066632,151821663,2670,57752,2424,5781,11156.13965,11186.87988,11131.4502,11186.87988,122045,11148,11161,11117,11158,56129,44
2019/10/18,6119771199,117957450,-3549,54203,-6003,-222,11190.20996,11237.37988,11154.86035,11180.21973,145301,11195,11223,11132,11149,91140,42
2019/10/21,4726654257,39853607,-2407,51796,-1484,-1706,11166.24023,11188.12988,11147.86035,11184.15039,102075,11157,11168,11133,11157,54206,40
2019/10/22,13821217412,-421308335,1664,53460,3341,1635,11221.19043,11271.25,11218.25,11271.25,126332,11213,11252,11191,11240,78410,44
2019/10/23,4951166736,294313573,10,53471,-640,1043,11266.17969,11281.12012,11209.09961,11239.66992,139702,11225,11254,11182,11200,79347,37
2019/10/24,14775803393,181994559,2929,57600,6491,2734,11266.83984,11320.13965,11254.58984,11320.13965,141289,11232,11292,11225,11288,71549,46
2019/10/25,3296398262,-95387561,-2299,55301,-3805,-1071,11336.63965,11347.17969,11281.37012,11296.12012,129163,11321,11328,11264,11283,61352,42
2019/10/28,6940257140,-370921488,2604,57905,1227,156,11321.99023,11341.03027,11295.44043,11315.01953,112868,11334,11342,11291,11311,52187,38
2019/10/29,6411175421,-509825768,-131,57775,1275,1427,11347.38965,11373.9502,11292.83008,11333.87012,145667,11348,11366,11293,11325,80263,34
2019/10/30,7003526380,192366377,718,58493,792,2213,11336.96973,11380.28027,11306.9502,11380.28027,123424,11312,11351,11295,11338,66639,37
2019/10/31,6987137300,7207258,457,58950,-530,1683,11393.67969,11428.41992,11358.70996,11358.70996,153328,11371,11396,11341,11344,74371,30
2019/11/1,8281199833,-339191000,232,59182,851,2534,11373.7002,11399.53027,11335.50977,11399.53027,133643,11333,11377,11316,11371,60297,34
2019/11/4,14446904326,785116520,2734,61916,4652,7186,11451.71973,11559.07031,11451.71973,11556.84961,156992,11416,11554,11413,11542,102899,39
2019/11/5,13156654265,80744358,-4712,57204,-2641,4545,11576.17969,11644.03027,11576.17969,11644.03027,153176,11594,11650,11566,11645,85543,42
2019/11/6,6530554597,-626018326,-1510,55694,-1716,2783,11645.08008,11668.2002,11601.7002,11653.07031,159723,11644,11675,11600,11650,89714,45
2019/11/7,4978613833,-175932390,-2467,53227,-2491,292,11642.91016,11647.46973,11552.08008,11606.55957,140058,11636,11637,11558,11596,98276,42
2019/11/8,1518957416,439030752,-1121,52106,-1411,-1119,11620.88965,11642.41016,11561.30957,11579.54004,134799,11646,11648,11554,11572,93098,39
2019/11/11,3847930870,-423189962,157,52263,-364,-1483,11570.33008,11570.33008,11409.83008,11427.28027,149610,11577,11581,11424,11437,115483,24
2019/11/12,4686952442,-149705417,-2101,50161,2481,1002,11463.33008,11520.37012,11459.67969,11520.37012,118508,11483,11528,11466,11524,76130,27
2019/11/13,-6263240391,-329287865,-233,49928,-3290,-2276,11483.24023,11509.37012,11439.08984,11467.83008,115131,11463,11494,11428,11466,103164,16
2019/11/14,4238642295,349467800,-1452,48476,-306,-2582,11488.74023,11498.25,11424.76953,11450.41992,131434,11493,11496,11413,11456,103358,17
2019/11/15,4258889694,292718025,-3152,45324,-1320,-3902,11485.45996,11552.25,11485.45996,11525.59961,130621,11485,11563,11480,11532,99316,23
2019/11/18,2942571601,1196332224,474,45798,1773,-2129,11543.79981,11599.78027,11532.96973,11599.78027,108810,11533,11594,11507,11592,75739,30
2019/11/19,11017324622,362072859,-1168,44634,-1499,-3644,11608.48047,11656.40039,11576.79004,11656.40039,121554,11574,11654,11563,11645,77336,33
2019/11/20,1013465053,81048071,-3532,40968,-4668,77,11645.73047,11649.07031,11591.73047,11631.2002,116664,11621,11644,11594,11608,57530,33
2019/11/21,-9834932475,498452243,1794,42761,1251,1332,11573.83984,11573.83984,11478.42969,11558.26953,120161,11529,11551,11450,11545,135339,17
2019/11/22,-148965676,-449074708,-1615,41154,-2371,-1071,11556.75,11577.01953,11534.15039,11566.79981,107527,11565,11592,11531,11554,80401,25
2019/11/25,1484002924,-215315815,278,41432,209,-862,11590.80957,11604.75,11559.33008,11561.58008,112551,11615,11629,11559,11566,87186,34
2019/11/26,373695993,152812190,3260,45694,6124,1254,11608.37012,11642.95996,11576.82031,11576.82031,200125,11620,11658,11603,11618,107823,24
2019/11/27,2514490067,704656900,1492,47197,34,1262,11590.80957,11651.73047,11590.80957,11647.45996,109204,11613,11651,11596,11647,70895,31
2019/11/28,1444116353,-264731867,-5484,41713,-5782,-4520,11641.7002,11654.05957,11604.67969,11617.08008,105189,11658,11663,11605,11613,88562,26
2019/11/29,-12594277637,-324880034,-5868,35843,-5444,-9956,11616.87988,11623.58984,11485.16016,11489.57031,119872,11604,11613,11463,11464,131564,12
2019/12/2,3457706258,-321534999,6745,41888,5973,-1183,11509.94043,11524.84961,11454.37988,11502.83008,113583,11527,11533,11459,11502,90559,11
2019/12/3,4573111968,146903812,4756,46644,2495,1312,11473.32031,11531.58008,11460.05957,11531.58008,107640,11444,11527,11439,11523,88438,15
2019/12/4,-2667647215,394847723,-1692,44952,-4365,-3067,11511.82031,11513.83008,11457.42969,11510.46973,104426,11492,11505,11443,11502,106777,16
2019/12/5,6172862860,562855420,3788,48740,4451,1384,11546.75,11604.38965,11546.75,11594.65039,121986,11540,11618,11532,11598,91767,17
2019/12/6,3894888207,-56482018,1314,50054,1217,2601,11639.79981,11657.65039,11577.83008,11609.63965,109997,11645,11670,11580,11611,88195,18
2019/12/9,4195354005,-203865891,513,51767,2306,107,11635.46973,11678.36035,11631.03027,11660.76953,120734,11670,11699,11633,11671,77905,24
2019/12/10,-2732490100,-151113250,-8466,43270,-7701,-7470,11647.78027,11649.73047,11607.25977,11627.83984,103636,11647,11656,11605,11624,72718,24
2019/12/11,4054670799,493742195,6077,49361,7467,-77,11635.07031,11700.76953,11622.58008,11700.76953,124690,11600,11706,11594,11704,91749,29
2019/12/12,9434238606,-280933008,2101,51462,3021,2944,11766.98047,11875.98047,11766.98047,11836.41992,151218,11765,11888,11754,11851,116222,33
2019/12/13,15943986369,-75824852,-2566,48903,-2619,297,11937.90039,11990.78027,11913.01953,11927.73047,170756,11977,12007,11917,11963,108464,40
2019/12/16,2103029288,105018566,759,49668,-2499,-2206,11915.61035,11975.73047,11915.61035,11939.76953,135943,11932,11976,11922,11959,69730,35
2019/12/17,10879604475,180148563,-4619,45044,-294,-2480,11939.62012,12097.00977,11939.62012,12097.00977,155227,11974,12102,11945,12099,92853,44
2019/12/18,5298497934,-975691800,-2722,43908,-3777,4055,12061.09961,12125.90039,12059.91992,12122.4502,147818,12076,12129,12065,12119,48307,44
2019/12/19,-7046558334,-956657532,-1421,42487,-2510,1545,12082.98047,12111.76953,12008.16016,12018.90039,136637,12110,12115,12015,12031,92203,40
2019/12/20,-4508974019,-545530603,-1489,41003,-1348,177,12001.55957,12028.21973,11937.4502,11959.08008,169305,12063,12063,11951,11979,126718,40
2019/12/23,1808230367,46459210,-335,40668,651,828,11969.13965,12022.23047,11960.20996,12022.23047,111986,12000,12028,11972,12020,75248,43
2019/12/24,707335065,-740541582,-3575,37093,-2888,-2060,12023.79004,12027.59961,11976.37988,11976.37988,103546,12030,12044,11983,11983,55381,31
2019/12/25,628392723,363148263,91,37184,25,-2037,11978.94043,12032.37012,11973.9502,12008.12988,90945,11989,12027,11976,12019,41574,28
2019/12/26,84236972,-921246635,-2325,34859,-2519,-4556,12018.37988,12030.66016,11982.63965,12001.00977,100508,12029,12042,11986,12007,52146,28
2019/12/27,7999348153,-335758050,3581,38443,3378,-1190,12032.71973,12093.01953,12032.71973,12091.58984,108769,12038,12112,12037,12097,74436,37
2019/12/30,-1455701577,-325783745,-290,38158,-1229,-2439,12094.80957,12114.88965,12046.21973,12053.37012,124758,12091,12125,12065,12069,66052,23
2019/12/31,-9430384487,91580756,-1248,36910,-3723,-6162,12019.19043,12047.75,11997.13965,11997.13965,117766,12029,12049,11994,11994,74341,10
2020/1/2,-3429869735,-77617601,-1453,35457,3594,-2503,12026.5,12110.74023,12026.23047,12100.48047,141368,12044,12120,12023,12101,100399,17
2020/1/3,-135866137,182212895,-834,34623,-1004,-3507,12167.44043,12197.63965,12023.59961,12110.42969,193278,12180,12198,11996,12087,172645,25
2020/1/6,-9750909700,-1785310923,-2447,32176,-4553,-8060,12035.70996,12040.08008,11953.36035,11953.36035,143584,12017,12034,11949,11949,118362,9
2020/1/7,-9820883110,-1219425340,-2925,29263,-1354,-9462,11961.96973,11986.03027,11822.40039,11880.32031,165159,11995,12009,11816,11871,157259,8
2020/1/8,-1232385678,399377560,6259,35546,5636,-3903,11818.75977,11899.66992,11777.4502,11817.09961,149986,11728,11892,11697,11788,158049,5
2020/1/9,5421111989,1470471663,1865,37426,3625,-338,11889.45996,11992.54981,11889.45996,11970.62988,132648,11919,11998,11883,11969,111676,16
2020/1/10,6897632746,106762668,1927,39362,-1596,-1970,12009.26953,12038.20996,11959.05957,12024.65039,127775,12005,12042,11953,12011,103478,24
2020/1/13,10728837808,963532912,3028,42393,2637,655,12069.61035,12113.41992,12037.24023,12113.41992,142696,12085,12121,12044,12116,114703,37
2020/1/14,4101323281,662910768,-2506,39879,-654,33,12161.73047,12186.62012,12140.26953,12179.80957,153345,12176,12199,12148,12181,85238,40
2020/1/15,-8896921984,-117479467,-1926,36749,-5563,-2408,12169.91992,12169.91992,12048.00977,12091.87988,148975,12159,12175,12058,12063,82149,35
2020/1/16,-4618752816,294411420,-5300,31449,-1132,-3540,12006.08008,12075.54004,12006.08008,12066.92969,139039,12040,12078,11990,12052,106191,36
2020/1/17,-2076588609,-310620459,936,32382,535,-2993,12080.71973,12117.54981,12055.91016,12090.29004,131601,12103,12118,12029,12071,101186,37
2020/1/20,5478963282,-249146776,-592,31789,1718,-1271,12107.55957,12151.41992,12101.54981,12118.70996,113749,12119,12160,12097,12111,77545,38
2020/1/30,-18101697877,-2840881629,-11751,18239,-13037,-7108,11933.23047,11933.23047,11418.21973,11421.74023,275836,11770,11798,11371,11372,248034,1
2020/1/31,-17195432577,-1103130000,11532,29779,9324,2156,11494.03027,11594.20996,11436.9502,11495.09961,175741,11460,11567,11407,11469,154005,1
2020/2/3,1215731347,525505733,1669,32348,-2793,-4237,11365.90039,11365.90039,11138.03027,11354.91992,180461,11285,11370,11152,11324,206299,3
2020/2/4,-4030035127,116470317,1574,33910,4738,549,11399.45996,11581.36035,11393.03027,11555.91992,160028,11373,11557,11362,11534,145408,6
2020/2/5,-538879671,-79984070,772,34680,1858,2384,11601.54981,11620.41992,11512.70996,11573.62012,157307,11603,11620,11474,11542,155144,10
2020/2/6,5208912927,-752585160,2033,37012,2955,4143,11605.11035,11749.67969,11605.11035,11749.67969,143454,11651,11744,11628,11739,122905,27
2020/2/7,-8791089204,-1989532334,-950,36062,-5162,-1019,11712.70996,11712.70996,11592.08984,11612.80957,128971,11660,11666,11566,11589,125731,18
2020/2/10,-4538774726,-1270682111,-150,35908,-2320,-3323,11514.71973,11598.03027,11423.33984,11574.07031,131092,11455,11598,11402,11565,146924,20
2020/2/11,-684367691,724760027,-1011,34889,817,-2474,11614.25,11678.58008,11614.25,11664.04004,121019,11625,11689,11613,11664,91645,31
2020/2/12,6239193795,472649420,4300,39174,4942,2527,11693.40039,11801.51953,11693.40039,11774.19043,149460,11663,11797,11647,11770,104632,43
2020/2/13,1961500743,-414920060,2152,41598,857,2296,11813.5,11854.98047,11784.94043,11791.78027,139813,11798,11837,11762,11775,107703,43
2020/2/14,1694686124,-350871920,-3241,38351,-3017,-697,11806.51953,11840.79004,11788.87012,11815.7002,112032,11757,11852,11755,11810,96611,44
2020/2/17,-4209554467,-1421051914,-1491,36853,-4730,-5403,11770.29981,11775.55957,11724.82031,11763.50977,112416,11710,11792,11702,11769,87093,41
2020/2/18,-21212332709,-391502140,-5188,31665,-4524,-9927,11700.91016,11717.09961,11642.9502,11648.98047,139223,11715,11719,11627,11640,135029,33
2020/2/19,3804911997,-847376792,2737,31328,5270,5890,11655.37012,11783.42969,11654.16016,11758.83984,137194,11678,11805,11637,11760,81374,38
2020/2/20,-8273327625,-207214840,-5521,25807,-8994,-3104,11785.78027,11827.83008,11714.15039,11725.08984,132716,11820,11830,11679,11713,137087,29
2020/2/21,-3449351458,-124899544,847,26662,-325,-3461,11721.16016,11755.16992,11661.62988,11686.34961,123891,11665,11765,11636,11663,139385,21
2020/2/24,-26339394511,279135937,87,26756,-3370,-6859,11615.28027,11615.28027,11512.08008,11534.87012,138567,11509,11587,11476,11511,136072,5
2020/2/25,-11670682927,-455995034,674,27454,3212,-3743,11506.74023,11567.08984,11415.46973,11540.23047,154158,11400,11561,11386,11541,148573,6
2020/2/26,-33201502446,720117836,-3840,21461,-8479,-3621,11468.59961,11494.21973,11408.05957,11433.62012,176058,11383,11482,11365,11421,162580,1
2020/2/27,-23224937678,-999716430,-880,20581,-1463,-5084,11436.95996,11470.23047,11274.51953,11292.16992,201789,11395,11447,11237,11276,168005,1
2020/3/2,-19698502745,170666598,-1569,19009,-4789,-9853,11184.66016,11282.04981,11049.84961,11170.45996,199990,11011,11278,11005,11176,203375,2
2020/3/3,-13537260049,843227200,4333,23349,6423,-3430,11279.86035,11390.24023,11279.86035,11327.71973,161958,11313,11375,11278,11321,165462,1
2020/3/4,6277728037,126099110,4649,26997,649,1234,11368.25,11392.34961,11297.80957,11392.34961,137862,11348,11369,11267,11358,142616,12
2020/3/5,965677864,1395287040,2762,29764,3164,4378,11454.65039,11525.32031,11454.65039,11514.82031,144196,11450,11501,11428,11491,112411,33
2020/3/6,-28823181989,783487715,-6477,22285,-12227,-3841,11471.36035,11471.36035,11310.32031,11321.80957,149427,11400,11420,11260,11269,153306,9
2020/3/9,-54558272903,829926320,8191,31376,4679,-2762,11221.75977,11221.75977,10977.63965,10977.63965,231705,10975,11108,10916,10951,212371,0
2020/3/10,-8619548631,-201393939,-8964,21519,-4237,-3427,10907.62012,11032.46973,10830.21973,11003.54004,205450,10830,10996,10779,10981,205650,6
2020/3/11,-21158497346,873905460,4245,25763,833,-3137,11022.82031,11088.23047,10885.91016,10893.75,175082,10979,11029,10807,10824,182504,4
2020/3/12,-36822316902,-2018701667,6096,31854,1638,-1479,10845.38965,10845.38965,10359.66992,10422.32031,270564,10750,10765,10161,10362,330485,0
2020/3/13,-30232314316,-1436812913,4068,35948,808,-667,10091.03027,10171.2002,9636.150391,10128.87012,302825,9749,10147,9450,10027,340952,0
2020/3/16,-33354234365,-62952488,3058,37976,1189,4922,10069.41992,10130.79981,9717.769531,9717.769531,209970,9919,10055,9636,9679,237876,0
2020/3/17,-23044764786,-615318717,3976,41953,999,5917,9538.639648,9677.070313,9371.349609,9439.629883,236620,9379,9677,9271,9371,243955,0
2020/3/18,-28711172294,468579711,15715,43800,2660,-1496,9453.980469,9509.610352,9218.669922,9218.669922,210418,9366,9489,9205,9264,110255,0
2020/3/19,-21221116010,-700346845,8810,52635,1598,2,9085.280273,9085.280273,8523.629883,8681.339844,270277,8820,8872,8268,8356,301799,1
2020/3/20,-21906643344,663242104,-1682,50969,7048,6986,8816.860352,9264.419922,8816.860352,9234.089844,234734,8562,9166,8544,9041,265539,0
2020/3/23,-15841802996,-102120834,5710,55376,-3495,8703,9025.549805,9029.519531,8750.139648,8890.030273,147285,8609,8868,8555,8665,179890,0
2020/3/24,5258141378,29031248,-4300,51075,1567,10270,9083.780273,9415.639648,9083.780273,9285.620117,153699,8998,9295,8986,9193,178662,7
2020/3/25,-2313263280,1337776980,-6073,46822,5523,8491,9426.429688,9722.370117,9426.429688,9644.75,183399,9410,9624,9370,9585,207956,34
2020/3/26,8601403243,507368461,-2787,45846,630,1877,9667.139648,9739.730469,9565.019531,9736.360352,153201,9679,9690,9426,9631,189335,46
2020/3/27,-9717279710,900129414,878,46724,-265,1612,9807.900391,9954.860352,9691.139648,9698.919922,180596,9899,9910,9549,9579,187396,48
2020/3/30,-4850837442,-227122005,426,47134,-1357,255,9571.219727,9655.700195,9415.519531,9629.429688,126494,9376,9576,9266,9566,164726,41
2020/3/31,-5812101391,1661556282,941,48075,1145,1400,9689.620117,9789.80957,9630.299805,9708.05957,144169,9666,9717,9495,9595,142543,43
2020/4/1,-4707482746,2185973400,3104,51117,-429,1265,9726.200195,9736,9663.629883,9663.629883,117956,9588,9650,9552,9555,115880,44
2020/4/6,2142308319,595395460,-4965,46152,371,1636,9707.75,9818.740234,9651.519531,9818.740234,150191,9741,9860,9582,9823,145658,46
2020/4/7,3386987052,1983114900,-291,45860,3062,4698,9928.160156,10039.15039,9928.160156,9996.389648,171645,9955,10020,9878,9998,136799,49
2020/4/8,229712398,1792096310,-4458,41765,-4747,-1431,10010.63965,10149.75977,9984.660156,10137.46973,169341,9950,10135,9945,10122,126694,49
2020/4/9,-7189386634,376073342,1764,43529,-1409,-2840,10173.25977,10246.83984,10092.36035,10119.42969,163577,10131,10197,10028,10100,132449,47
2020/4/10,-34246147,311194496,2073,45637,-87,-3067,10105.42969,10165.12012,10103.76953,10157.61035,121650,10038,10140,10030,10133,72428,48
2020/4/13,-7588758124,1237152119,1738,46577,-2972,-2847,10147.55957,10179.40039,10080.65039,10099.21973,118685,10084,10149,10031,10079,106858,46
2020/4/14,15122019154,1910070904,-4070,42521,3935,1032,10130.65039,10344.12988,10130.65039,10332.94043,156893,10160,10355,10125,10343,113099,50
2020/4/15,-3684276345,2635514867,-3299,35256,-3220,3378,10366.76953,10461.83984,10366.76953,10447.20996,191739,10347,10463,10330,10451,65118,48
2020/4/16,-12455574312,938911694,129,35385,-319,3059,10385.78027,10425.29004,10317.12988,10375.48047,156118,10177,10343,10161,10301,117864,45
2020/4/17,20394378412,2485663530,-2523,32864,-3747,-696,10554.54981,10710.15039,10552.58008,10597.04004,231468,10575,10669,10456,10563,158297,47
2020/4/20,514354391,-54516763,-2708,30153,-3949,-4633,10612.4502,10637.63965,10542.95996,10586.70996,134091,10515,10560,10458,10475,95513,43
2020/4/21,-24246362876,-897041750,8637,38790,651,-3982,10544.79981,10544.79981,10278.9502,10288.41992,183823,10406,10467,10144,10196,185211,12
2020/4/22,-3449741790,-55158678,-3831,34960,52,-3958,10256.11035,10310.84961,10140.08984,10307.74023,152138,10145,10226,10065,10222,140265,14
2020/4/23,-3810434380,1403800504,1677,36637,1897,-2061,10370.12988,10462.7002,10294.87988,10366.50977,155119,10268,10402,10154,10292,167208,15
2020/4/24,-5678666113,645112827,636,37274,1354,-711,10367.96973,10386.92969,10324.2002,10347.36035,125655,10231,10292,10211,10268,104535,14
2020/4/27,16883551962,882314270,-1984,35289,4204,3497,10407.49023,10578.95996,10407.49023,10567.26953,177149,10373,10567,10368,10545,122584,42
2020/4/28,-1657659442,2084579030,337,36558,-216,-447,10580.25,10620.51953,10537.70996,10616.05957,182396,10600,10605,10480,10583,110372,44
2020/4/29,18026823469,1100309548,1881,38439,1636,1218,10656.40039,10794.83008,10656.40039,10772.21973,192691,10655,10770,10631,10709,114297,49
2020/4/30,18591599671,2678059740,-1854,36589,3442,4644,10826.25977,11012.78027,10826.25977,10992.13965,229698,10813,10971,10803,10947,115213,49
2020/5/4,-36964151874,53560451,20,36610,-9752,-5112,10781.50977,10781.50977,10658.5,10720.48047,190042,10540,10699,10477,10610,132814,40
2020/5/5,-12387308620,-48493288,673,36085,-2252,-2572,10756.9502,10833.53027,10735.00977,10774.61035,178394,10717,10795,10658,10719,110278,43
2020/5/6,-5283047349,529536765,3884,39969,2235,-347,10771.08984,10828.73047,10708.09961,10774.98047,181176,10658,10780,10618,10749,121491,38
2020/5/7,-1812850191,941311334,-2105,37864,-372,-719,10778.53027,10890.87012,10775.16016,10842.91992,166959,10736,10877,10710,10833,115862,40
2020/5/8,-4105621087,504604310,-776,37088,-606,-1325,10883.21973,10970.7002,10883.21973,10901.41992,186189,10893,10956,10853,10894,105781,45
2020/5/11,2812811699,770894500,-205,36882,-392,-1713,10942.17969,11039.11035,10942.17969,11013.25977,168457,10979,11038,10935,10982,92771,49
2020/5/12,-25092913281,401774018,1665,38547,-3405,-5118,10974.50977,10974.50977,10854.50977,10879.46973,172557,10902,10932,10802,10865,116595,35
2020/5/13,-4759934133,855875950,3148,41695,3716,-1445,10861.00977,10938.26953,10828.92969,10938.26953,161329,10783,10925,10776,10914,101930,40
2020/5/14,-18869370079,288510640,-1741,38753,-8172,-4813,10894.16992,10894.16992,10777.45996,10780.87988,186497,10828,10877,10738,10749,126292,17
2020/5/15,-1920896433,-219455350,2513,41266,6960,2147,10833.16016,10904.00977,10730.54981,10814.91992,173877,10830,10869,10701,10817,126173,15
2020/5/18,-15900460748,-812415508,-4900,35957,-8873,-5086,10753.20996,10812.87012,10730.7002,10740.54981,189878,10768,10824,10724,10761,112378,12
2020/5/19,4649677197,1006378700,1473,37430,4631,-455,10812.79004,10924.79004,10812.79004,10860.44043,185293,10932,10964,10836,10868,111021,32
2020/5/20,4389405005,1060776860,55,36013,1404,1998,10892.75977,10933.98047,10860.15039,10907.79981,169082,10903,10960,10853,10887,60212,28
2020/5/21,978960837,1345595756,-1886,34127,4435,6433,10933.20996,11021.66016,10933.20996,11008.30957,169388,10903,11008,10894,10953,115495,39
2020/5/22,-29085582035,-327521893,-870,33253,-13094,-6645,10977.54981,10977.54981,10804.55957,10811.15039,177727,10928,10935,10723,10744,136579,9
2020/5/25,-4568094492,-242378553,-532,32721,5635,-1010,10812.94043,10874.54004,10719.25,10871.17969,146346,10800,10840,10651,10821,120796,16
2020/5/26,14169884700,1263035370,1471,34198,6382,5348,10903.32031,11046.21973,10903.32031,10997.20996,181150,10896,11027,10891,10984,106947,39
2020/5/27,332211882,920590840,-15,34183,-1177,4018,11023.92969,11069.71973,10972.25,11014.66016,156712,10962,11037,10926,10973,102280,36
2020/5/28,-7254349938,645580769,832,35015,-3480,538,11040.62012,11087.53027,10915.29981,10944.19043,171172,11066,11077,10856,10911,141854,26
2020/5/29,-11045178924,200633936,1597,36612,3990,4528,10921.16016,10965.03027,10861.90039,10942.16016,209389,10888,10950,10806,10919,115680,28
2020/6/1,15428860416,1072464550,483,38695,2559,687,10971.40039,11109.29004,10971.40039,11079.01953,166822,10983,11103,10971,11057,103034,44
2020/6/2,1728257798,1540872316,694,39394,-675,-8,11109.26953,11170.49023,11102.96973,11127.92969,180126,11080,11140,11072,11107,82686,45
2020/6/3,17642474608,1536914945,1478,40894,6785,6752,11182.51953,11330.51953,11182.51953,11320.16016,211783,11250,11299,11206,11283,109370,48
2020/6/4,4483499962,1776489454,-1477,39426,-4355,2361,11373.94043,11425.41992,11341.58008,11393.23047,202129,11419,11425,11306,11358,108643,48
2020/6/5,7059493551,809503090,609,40035,657,3018,11418.00977,11482.36035,11411.94043,11479.40039,179847,11399,11473,11377,11457,84861,47
2020/6/8,9654161177,1663205853,-2906,37129,-1936,1082,11539,11631.88965,11528.44043,11610.32031,202996,11550,11626,11491,11570,106849,48
2020/6/9,6822457604,262393684,1910,39043,1508,2574,11600.61035,11640.4502,11537.37988,11637.11035,174869,11596,11622,11521,11606,89412,47
2020/6/10,10230425908,325469238,-1860,37201,-1094,1480,11635.99023,11740.90039,11621.01953,11720.16016,188307,11634,11730,11596,11704,94591,48
2020/6/11,227886180,141500320,3576,40776,-5193,-3709,11738.49023,11771.12012,11516.58984,11535.76953,239094,11689,11738,11475,11491,143725,30
2020/6/12,2950215202,-590716655,-5636,35137,-5030,-8727,11406.54004,11442.29981,11244.63965,11429.94043,197391,11331,11432,11250,11391,131977,17
2020/6/15,-15647644944,1238362850,3384,36970,-1070,-3593,11436.28027,11469.83984,11299.4502,11306.25977,175290,11356,11446,11216,11225,135408,9
2020/6/16,18352782961,718730266,-1400,35579,3137,-492,11380.66992,11542.25,11380.66992,11511.63965,180766,11448,11554,11421,11522,110305,28
2020/6/17,3775687339,678313520,504,31514,763,4691,11525.5,11550.32031,11482.32031,11534.58984,174503,11480,11568,11467,11520,67096,29
2020/6/18,2250829579,745043162,1392,32915,569,5224,11534.2002,11567.41992,11485.38965,11548.33008,182860,11372,11425,11295,11395,115869,23
2020/6/19,-10219528934,479993246,-959,31955,-3608,1620,11557.26953,11584.87988,11542.37012,11549.86035,250644,11424,11439,11361,11409,93728,21
2020/6/22,2364258723,388458423,570,32521,-2979,-1343,11553.91016,11632.87988,11553.91016,11572.92969,182535,11374,11498,11362,11421,113862,24
2020/6/23,3810223208,-223487472,587,33109,3669,2322,11618.41992,11679.40039,11530.84961,11612.36035,204590,11493,11540,11346,11456,139989,28
2020/6/24,9333285270,-461237042,529,33634,-300,2060,11647.86035,11701.23047,11637.79004,11660.66992,201676,11541,11570,11503,11523,89905,34
2020/6/29,-12939439896,-771457167,-1951,31682,-5261,-3197,11608.79981,11608.79981,11500.65039,11542.62012,206885,11394,11458,11315,11363,123338,23
2020/6/30,6838905409,-933913189,156,30838,1272,2075,11563.59961,11638,11563.59961,11621.24023,195467,11460,11502,11412,11470,83988,33
2020/7/1,3650038323,146210371,2658,33495,4119,6174,11622.63965,11736.38965,11622.63965,11703.41992,192533,11482,11623,11472,11544,102338,35
2020/7/2,2857823145,-466569162,2966,36460,5825,12003,11694.09961,11805.20996,11690.9502,11805.13965,188740,11585,11712,11566,11695,91795,35
2020/7/3,10666904741,3337171590,3637,41646,1232,7039,11857.90039,11933.58984,11857.90039,11909.16016,216703,11788,11850,11752,11834,92196,36
2020/7/6,20152618292,322318681,-5433,36204,-2601,4474,11941.83984,12116.7002,11941.83984,12116.7002,249089,11921,12072,11905,12067,106636,39
2020/7/7,4572952047,-786655820,46,36257,-923,3523,12176.79004,12249.9502,12028.57031,12092.96973,275134,12149,12192,11990,12028,134089,40
2020/7/8,-5498958959,-1077908879,-1933,34330,-315,3618,12086.12988,12190.26953,12083.83984,12170.19043,237935,12041,12145,12025,12126,103175,37
2020/7/9,-6669438106,-317290480,148,34478,-2746,872,12222.90039,12273.42969,12181.33984,12192.69043,249886,12202,12222,12118,12149,111893,37
2020/7/10,254833120,-1286758384,4793,39271,482,1354,12250.44043,12253.58008,12030.2002,12073.67969,258935,12204,12213,11987,11995,133264,22
2020/7/13,4377525643,524895753,-5279,33999,-411,915,12109.61035,12216.24023,12109.61035,12211.55957,209802,12139,12210,12105,12204,93929,30
2020/7/14,-4732200604,692982383,-1393,31606,-4210,705,12202.88965,12228.30957,12143.91016,12209.00977,203536,12147,12224,12119,12188,108264,22
2020/7/15,3959024230,888313209,-1095,27506,-1397,-626,12233.99023,12320.48047,12162.51953,12202.84961,239021,12305,12323,12150,12220,72961,22
2020/7/16,-7058164222,1493899440,-1262,26258,-3506,-4188,12173.04004,12220.92969,12107.04004,12157.74023,198060,12066,12094,11931,12029,132941,16
2020/7/17,1780208668,1894788902,2661,28921,626,-3570,12195.71973,12266.92969,12144.62012,12181.55957,199383,12088,12138,12011,12039,112175,16
2020/7/20,4354201361,644461892,232,29158,2036,-1554,12205.25,12221.33008,12065.79981,12174.54004,174739,12073,12075,11903,12033,120986,19
2020/7/21,12640568658,2138832800,-381,28776,2600,1050,12242.32031,12450.16016,12242.32031,12397.54981,224202,12125,12324,12121,12288,122572,28
2020/7/22,-2381908225,1804066034,-1038,27738,-5422,-4385,12389.75977,12486.9502,12389.40039,12473.26953,225202,12301,12361,12256,12332,94744,37
2020/7/23,-8869322986,598840161,-2412,24073,-4443,-3816,12423.01953,12429.75977,12347.86035,12413.04004,226144,12309,12313,12199,12287,122780,26
2020/7/24,-10770065236,762577700,4382,28455,-1771,-5587,12467.42969,12502.83984,12266.54981,12304.04004,265307,12232,12352,12123,12150,171550,10
2020/7/27,7532010246,-138527224,3005,32456,10850,1267,12618.69043,12686.36035,12586.91016,12588.29981,252896,12410,12572,12407,12498,140325,11
2020/7/28,-7303868396,-558624390,-2192,29267,-7197,-1930,12951.71973,13031.7002,12533.19043,12586.73047,343928,12834,12900,12408,12454,245608,8
2020/7/29,-6124890839,-1109585955,-123,29130,-1177,-2943,12530.74023,12660.87012,12488.00977,12540.96973,218380,12446,12543,12392,12421,138350,17
2020/7/30,-2838321858,1011825735,2742,31873,5562,2615,12691.86035,12769.46973,12616.83008,12722.91992,214324,12617,12627,12488,12595,126208,24
2020/7/31,-8909517046,257645728,-2631,29242,-3499,-884,12653.45996,12733.48047,12635.70996,12664.79981,208489,12606,12644,12525,12576,129880,23
2020/8/3,-30242797765,262200664,-3219,24623,-10667,-5951,12642.73047,12673.01953,12506.58984,12513.03027,231938,12531,12567,12405,12440,134434,15
2020/8/4,5606282147,802046786,6203,30826,9727,3776,12577.87988,12709.91992,12577.87988,12709.91992,212043,12516,12632,12489,12629,111117,22
2020/8/5,-291023313,1663581551,837,31663,803,4649,12762.33984,12816.38965,12739.99023,12802.29981,239533,12700,12746,12643,12741,105138,29
2020/8/6,3912251760,456364689,-185,31478,150,4799,12894.24023,12971.87012,12851.2002,12913.5,259834,12856,12925,12753,12836,141212,38
2020/8/7,-12188470936,-369906949,377,31855,-5294,-495,12901.42969,12912.62988,12791.17969,12828.87012,238683,12860,12866,12706,12759,114890,33
2020/8/10,2752292767,-1308134023,-2706,29149,783,288,12786.79981,12933.16016,12786.79981,12894,215466,12779,12905,12720,12854,109532,36
2020/8/11,-4971255621,-622835340,-1196,27953,-6232,-5944,12856.45996,12906.00977,12780.19043,12780.19043,206073,12825,12874,12727,12735,106277,26
2020/8/12,-10420073627,-713739277,1532,28532,-1181,-3291,12713.62988,12730.95996,12625.54004,12670.34961,216514,12700,12701,12565,12655,131329,23
2020/8/13,7232612033,-11929778,71,28571,-220,-3411,12758.87012,12812.79981,12717.12988,12763.12988,236736,12816,12836,12702,12725,111174,25
2020/8/14,3948917829,688828140,173,28744,3218,-193,12709.96973,12801.30957,12679.19043,12795.45996,213168,12696,12790,12646,12789,98121,26
2020/8/17,9645522408,728012190,624,30268,6096,2303,12813.94043,12956.11035,12800.69043,12956.11035,222056,12776,12959,12771,12953,104207,29
2020/8/18,-2995480165,-13251998,-2847,26921,-7976,-3673,12974.95996,12981.58008,12840.25,12872.13965,246930,12983,12998,12836,12877,113409,25
2020/8/19,-519737152,-141308269,-2079,23249,-5971,-7634,12904.83984,12950.11035,12778.63965,12778.63965,254265,12905,12955,12780,12807,68806,19
2020/8/20,-14670544659,-1698785690,-1348,20704,-7700,-10546,12764.75,12764.75,12144.75977,12362.63965,347452,12695,12709,12067,12298,237606,8
2020/8/21,5646533740,908213696,7459,28172,10006,-576,12462.51953,12638.65039,12462.51953,12607.83984,225401,12466,12598,12423,12551,134919,12
2020/8/24,-864570540,803269351,1539,29714,1122,534,12629.78027,12702.94043,12567.9502,12647.12988,204626,12568,12653,12503,12603,103744,11
2020/8/25,3465353333,1130856910,241,29970,-714,-240,12706.40039,12814.55957,12698.84961,12758.25,198722,12657,12795,12643,12735,111794,20
2020/8/26,1903242794,311203740,1505,31478,2875,2721,12768.95996,12833.29004,12734.69043,12833.29004,176344,12730,12799,12681,12795,86685,19
2020/8/27,-7746717667,520125840,200,31678,-1007,1714,12888.65039,12960.67969,12786.4502,12797.30957,216324,12838,12925,12735,12758,126465,11
2020/8/28,-6075890602,-264699788,-2698,27859,-5274,924,12759.29981,12799.16016,12674.57031,12728.84961,205106,12740,12782,12634,12688,138302,12
2020/8/31,-15742498776,-500020083,-2570,25308,-3138,-2290,12763.44043,12831.37988,12591.4502,12591.4502,247049,12800,12826,12563,12589,142023,6
2020/9/1,3832254716,494576687,765,26073,1294,-996,12617.38965,12703.28027,12565.83008,12703.28027,216081,12566,12698,12531,12688,114310,11
2020/9/2,-5026642329,811264870,1070,27143,-851,-1809,12772.42969,12802.61035,12646.46973,12699.5,208347,12765,12776,12595,12690,126712,15
2020/9/3,10851819211,-449491009,1399,28561,1257,-628,12774.96973,12857.79004,12732.32031,12757.96973,233598,12792,12858,12705,12734,130262,19
2020/9/4,-23596857276,656305781,568,29177,-3113,-3933,12645.91992,12655.66992,12559.78027,12637.9502,231026,12558,12651,12510,12607,130070,12
2020/9/7,-9466252661,-1099631750,981,30158,635,-3298,12645.92969,12725.04981,12575.36035,12601.40039,223124,12608,12733,12560,12580,136891,13
2020/9/8,4103079322,210538050,2068,32226,3213,-85,12637.41992,12702.54981,12614.71973,12663.55957,204958,12657,12695,12610,12667,109694,23
2020/9/9,-9812659133,-141107548,-1610,28923,-8108,-1462,12592.17969,12616.57031,12480.5,12608.58008,208307,12545,12606,12434,12598,150903,17
2020/9/10,5820225161,1027995542,3308,32231,4803,3341,12665.74023,12708.63965,12650.40039,12691.75,198678,12669,12706,12622,12698,106806,25
2020/9/11,3923974692,-729210483,-2873,29341,-4655,-1246,12697.45996,12701.79004,12616.67969,12675.9502,190513,12658,12689,12606,12663,104558,28
2020/9/14,9580558943,-354321970,271,29605,3535,2317,12680.41016,12793.07031,12680.41016,12787.82031,179299,12694,12797,12678,12784,100659,33
2020/9/15,5858563983,-105019711,-380,29227,474,2783,12787.41992,12857.73047,12773.23047,12845.65039,186146,12768,12855,12756,12843,80253,35
2020/9/16,18473340616,592137618,4990,32528,6197,4601,12989.80957,13021.67969,12948.71973,12976.75977,206767,12945,13018,12900,12969,65376,39
2020/9/17,-9973443639,-907890304,-8306,24222,-13246,-8645,12920.15039,12972.51953,12851.51953,12872.74023,187290,12855,12908,12772,12815,119667,26
2020/9/18,-836162239,-964370876,-1359,22863,-1590,-10235,12858.59961,12927.80957,12841.08984,12875.62012,201495,12839,12866,12773,12833,95515,29
2020/9/21,-6518771059,-628856784,-6019,13158,-12821,-8312,12874.61035,12952.30957,12795.08984,12795.12012,171140,12820,12877,12655,12659,139378,18
2020/9/22,-9409005186,-1319937578,-347,12021,-4910,-10062,12786.91016,12786.91016,12632.74023,12645.50977,169776,12627,12655,12481,12509,129871,7
2020/9/23,-11953207600,-1897449937,3108,13450,1325,-2151,12656.29981,12700.88965,12548.07031,12583.87988,173471,12553,12563,12441,12528,117770,7
2020/9/24,-43730546750,-734084388,1979,15444,-5921,-8132,12487.48047,12487.48047,12264.37988,12264.37988,244060,12407,12414,12166,12180,170016,2
2020/9/25,-284445825,-950181027,8546,23990,6790,-1342,12312.94043,12385.80957,12149.80957,12232.91016,209470,12265,12309,12114,12195,127927,0
2020/9/28,10073960111,458201180,-1233,21649,1157,4247,12282.36035,12462.75977,12282.36035,12462.75977,154795,12292,12421,12246,12415,94192,5
2020/9/29,-1875869985,287677920,1888,23537,3095,7342,12488.09961,12571.33984,12429.71973,12467.73047,153906,12478,12522,12395,12421,102619,14
2020/9/30,4904466995,263064590,4627,28959,6516,10661,12483.65039,12568.67969,12466.58008,12515.61035,136454,12456,12548,12444,12473,107581,22
2020/10/5,315410943,-158637061,-4145,24809,-900,9781,12567.87988,12637.62012,12519.12012,12548.28027,148164,12577,12620,12486,12529,93806,26
2020/10/6,9368690807,404425583,205,25011,3331,13124,12644.08984,12706.38965,12644.08984,12704.23047,163907,12618,12704,12614,12677,99215,44
2020/10/7,5736906592,460539500,2467,30080,5057,7790,12667.50977,12774.36035,12619.80957,12746.37012,163452,12620,12758,12606,12754,88445,41
2020/10/8,16885565819,860984017,-612,29468,4039,11829,12832.54004,12887.19043,12818.00977,12887.19043,209353,12831,12876,12772,12873,98409,45
2020/10/12,13367933977,-691778952,-369,29128,-891,10910,12959.15039,12997.79004,12898.88965,12955.91016,229268,12935,12995,12878,12921,105691,41
2020/10/13,1479449402,-615843804,1926,31069,1497,12347,12988.44043,12994.66016,12857.09961,12947.12988,184982,12950,12952,12816,12915,98635,35
2020/10/14,-6627991758,-489738130,-729,30354,-3542,8753,12927.08984,12960,12895.79004,12919.30957,187133,12940,12956,12871,12890,81057,31
2020/10/15,-13440935588,246747493,-399,29965,-273,8440,12892.29004,12909.11035,12786.25977,12827.82031,179432,12838,12892,12727,12840,126868,17
2020/10/16,-3718620555,556350730,-1220,28745,-6535,1905,12814.16016,12896.29981,12750.37012,12750.37012,185884,12818,12865,12718,12748,109644,17
2020/10/19,12758629268,60182731,24,28769,1765,3670,12803.32031,12911.41016,12803.32031,12908.33984,164476,12783,12912,12782,12893,95513,19
2020/10/20,-2017304982,360509232,-2349,26384,-4780,-966,12889.99023,12917.75,12862.37012,12862.37012,147052,12892,12905,12844,12855,67480,18
2020/10/21,-599336314,-234758438,2738,27466,1104,888,12889.87988,12942.12012,12846.41992,12877.25,168351,12906,12946,12851,12860,54658,20
2020/10/22,6737683327,-874334045,3895,31361,4536,5424,12854.96973,12917.03027,12827.40039,12917.03027,172423,12729,12839,12707,12836,100532,24
2020/10/23,-2769840580,453722172,-2464,28897,-5011,413,12945.12012,12963.25977,12875.23047,12898.82031,152024,12865,12883,12795,12838,78563,23
2020/10/26,-1459389383,-866448157,3186,32083,2979,3392,12923.54981,12971.58008,12894.17969,12909.03027,163992,12848,12935,12820,12860,90476,36
2020/10/27,-4749981646,-1270758232,-1878,29088,-5543,2317,12867.76953,12884.32031,12821.07031,12875.00977,157707,12826,12833,12765,12808,81762,30
2020/10/28,-7279250664,-901353014,1393,30481,-1943,374,12853.75977,12879.98047,12761.33008,12793.75,176578,12780,12809,12713,12743,87331,23
2020/10/29,-16096637879,-764593045,-3780,25396,-8898,-3304,12687.63965,12699.82031,12583.37012,12662.91016,187029,12598,12640,12504,12603,118210,7
2020/10/30,-22212786897,-267261433,3664,29056,-1137,-4425,12651.34961,12656.29004,12546.33984,12546.33984,197970,12545,12563,12407,12413,121262,4
2020/11/2,2910321583,-612339759,-807,27584,1132,-633,12565.32031,12594.33984,12480.66016,12591.30957,164949,12474,12531,12402,12516,97047,22
2020/11/3,14519340813,681342150,3882,31466,874,241,12641.28027,12760.13965,12641.28027,12736.00977,166818,12611,12715,12602,12684,90446,34
2020/11/4,6145359497,1048483971,321,31787,8613,8818,12766.86035,12885.28027,12736.01953,12867.90039,193068,12770,12879,12662,12864,149792,39
2020/11/5,15371893610,-29899728,2582,35469,5602,10020,12878.00977,12918.79981,12840.40039,12918.79981,174622,12924,12928,12821,12891,90543,42
2020/11/6,13773100658,-128731580,2153,40879,8479,5471,12952.49023,12999.16016,12927.29981,12973.53027,183348,12942,12991,12896,12937,100680,45
2020/11/9,21275640459,-591289896,-3557,37322,4633,10104,13053.98047,13149.90039,13048.66992,13127.46973,219942,13090,13175,13046,13126,116402,46
2020/11/10,-3291600779,526399500,-409,36904,-5337,4803,13090.65039,13142.21973,13022.91992,13081.71973,249317,13130,13154,13010,13071,109754,43
2020/11/11,15391636048,-428842919,-2194,34710,-274,4523,13067.04004,13262.19043,13067.04004,13262.19043,239619,13101,13281,13077,13261,107482,45
2020/11/12,5600426108,-661849394,2791,37503,734,5249,13324.86035,13324.86035,13193.74023,13221.78027,209927,13266,13305,13193,13226,89732,43
2020/11/13,5213991887,-905495063,-2273,35230,95,5344,13221.79981,13273.33008,13170.12012,13273.33008,180107,13227,13285,13163,13282,83665,46
2020/11/16,22870448189,-62004768,-5244,29986,-2004,3340,13356.74023,13551.83008,13356.74023,13551.83008,235356,13407,13582,13406,13579,99291,47
2020/11/17,15099256833,-52403896,-3280,26705,-2908,436,13723.76953,13780.12012,13593.00977,13593.00977,235335,13656,13737,13603,13624,99847,47
2020/11/18,21140845593,217869399,1905,26264,1144,7550,13628.41992,13773.29004,13608.71973,13773.29004,230256,13632,13788,13621,13756,65556,48
2020/11/19,-4702830873,-207818380,-2891,23372,-4721,2833,13775.25977,13785.91992,13700.04004,13722.42969,206239,13732,13750,13662,13742,95222,47
2020/11/20,-4475805495,-200686905,-1523,21838,-2117,760,13702.58984,13726.21973,13666.07031,13716.44043,218209,13724,13737,13640,13733,85912,40
2020/11/23,10876750165,-246019907,-5162,17282,-5105,-3658,13793.54981,13921.16016,13793.54981,13878.00977,235532,13790,13943,13788,13873,115032,43
2020/11/24,-4776705746,-531374439,544,17826,-1834,-5492,13918.83984,13951.16992,13798.32031,13807.12988,263789,13921,13928,13777,13799,88199,31
2020/11/25,-10632068345,-978153897,1120,18946,-627,-6144,13860.9502,13893.2002,13731.80957,13738.83008,264368,13886,13909,13692,13712,121641,25
2020/11/26,3208563308,-807848676,-3950,14996,2765,-3379,13763.79004,13856.75977,13763.79004,13845.66016,219147,13788,13862,13741,13839,96591,33
2020/11/27,-3217584151,579809409,1817,16813,557,-2822,13833.20996,13885.00977,13811.80957,13867.08984,238944,13781,13890,13763,13878,94121,26
2020/11/30,-33283065640,-1140105121,-3940,11640,-6366,-4256,13917.65039,13969.38965,13722.88965,13722.88965,384700,13883,13975,13704,13720,133840,16
2020/12/1,489596790,-579443231,-3469,8171,1379,-2877,13810.54981,13885.66992,13749.70996,13885.66992,259650,13818,13885,13751,13875,91149,21
2020/12/2,2544926742,149516860,1565,9736,3674,760,13970.50977,13995.7002,13894.7002,13989.13965,269340,13932,13980,13855,13955,109501,23
2020/12/3,-6477690056,-559127,522,10258,-880,-120,13988.49023,14049.58008,13940.07031,13977.08984,268130,13971,14047,13903,13982,123415,25
2020/12/4,14682560201,-732427806,-496,9762,-52,-172,14010.16992,14149.55957,14010.16992,14132.44043,287671,14022,14149,14012,14133,107795,35
2020/12/7,-6911238692,504817387,-3806,5955,-5758,-5930,14230,14306.87012,14142.01953,14256.59961,332546,14181,14247,14087,14220,124595,31
2020/12/8,4193509462,2501906168,-845,5109,847,-5079,14251.94043,14367,14184.58008,14360.40039,280348,14206,14350,14156,14340,109587,33
2020/12/9,-1198365512,2967567127,-4394,-692,-6004,-5462,14336.69043,14427.41016,14336.69043,14390.13965,308552,14372,14425,14331,14397,95553,34
2020/12/10,-14342785894,1145278883,502,-992,-1988,-4242,14295.15039,14319.37988,14191.84961,14249.49023,305457,14261,14314,14178,14237,124762,31
2020/12/11,-2130524168,453439848,-447,-1439,-503,-4745,14298.58984,14353.16992,14081.41992,14261.69043,318861,14290,14340,14091,14237,152473,34
2020/12/14,-3780427838,176610969,-3178,-4622,-5162,-9887,14238.91992,14270.33984,14182.25,14211.04981,232999,14264,14285,14197,14201,96649,29
2020/12/15,-16520278470,-197337325,4282,-341,2979,-6904,14206.33008,14256.54981,14053.34961,14068.51953,273656,14162,14232,14030,14084,133830,17
2020/12/16,29277268278,300659727,1529,-3645,4260,3627,14145.24023,14339.5,14145.24023,14304.45996,250442,14198,14328,14186,14323,69690,37
2020/12/17,2903894835,-95665738,-3231,-6886,-7011,-3344,14326.16016,14338.40039,14213.49023,14258.92969,228203,14220,14225,14085,14186,115652,31
2020/12/18,68910166,-95405697,919,-5967,-1273,-4617,14268.12988,14329.12012,14245.59961,14249.95996,247945,14190,14222,14128,14136,89377,20
2020/12/21,10436251661,-28853464,1394,-4573,6032,1415,14273.79004,14384.95996,14166.88965,14384.95996,250621,14155,14313,14021,14309,134408,36
2020/12/22,-9986882802,-492961174,-1100,-5722,-8506,-7043,14348.11035,14411.92969,14175.69043,14177.45996,289461,14253,14334,14042,14046,135808,15
2020/12/23,683552750,-666608245,-1072,-6799,2056,-5017,14180.7002,14247.79004,14134.87012,14223.08984,220125,14104,14181,14031,14114,115118,15
2020/12/24,3009615253,-655803976,2300,-4499,3163,-1854,14256.29004,14324.41992,14256.29004,14280.28027,222604,14185,14287,14179,14242,105890,20
2020/12/25,5274170949,373419980,-1231,-5748,-1022,-2804,14306.98047,14400.83008,14296.96973,14331.41992,213304,14328,14383,14245,14304,88382,27
2020/12/28,12949871214,139024268,-2392,-9366,-954,1146,14363.4502,14483.07031,14363.4502,14483.07031,250952,14329,14444,14320,14436,81663,39
2020/12/29,-1256508512,-767399344,-221,-9590,-1015,143,14500.91016,14547.07031,14435.03027,14472.04981,286983,14465,14466,14376,14458,79140,38
2020/12/30,26833686455,-683459786,3053,-6537,7302,7495,14485.96973,14695.44043,14476.69043,14687.7002,262524,14451,14643,14440,14636,97715,46
2020/12/31,5697920877,366605219,-2789,-9322,-3497,3982,14704.53027,14760.05957,14646.33008,14732.53027,258135,14678,14712,14604,14678,95250,44
2021/1/4,24767852178,-1446951259,-898,-10220,-1346,2636,14720.25,14937.12988,14720.25,14902.03027,346516,14640,14925,14635,14873,136418,42
2021/1/5,2654131011,551869956,-705,-10925,-11,2625,14913.63965,15000.03027,14861.99023,15000.03027,348080,14874,14980,14836,14976,110544,45
2021/1/6,-148111371,-377598024,-205,-11130,-4075,-1411,15145.84961,15197.67969,14837,14983.12988,435027,15048,15140,14764,14911,232156,34
2021/1/7,16452629367,-415740229,-1668,-12796,4398,2979,15059.51953,15270.40039,15049.86035,15214,338862,15050,15260,15024,15226,150594,35
2021/1/8,19714889723,-933300910,-2530,-15326,-2548,431,15365.12988,15463.9502,15275.37988,15463.9502,396046,15376,15473,15264,15451,157421,45
2021/1/11,-1586825248,281700542,-2372,-18844,-4080,935,15425.58008,15557.29981,15395.73047,15557.29981,324410,15420,15538,15369,15531,138052,45
2021/1/12,-6431413430,3581716694,354,-19201,-2750,1029,15549.53027,15642.03027,15421.23047,15500.7002,370541,15517,15605,15407,15489,174158,31
2021/1/13,15547643077,143118072,-2334,-21535,1619,2625,15550.16016,15778.51953,15550.16016,15769.98047,361635,15557,15790,15555,15759,154127,36
2021/1/14,-8927132565,-2257604064,-5384,-28118,-8632,-1211,15651.2002,15760.15039,15620.95996,15707.19043,389275,15705,15766,15632,15727,119856,36
2021/1/15,-4039399956,-724965628,3273,-24852,2454,1271,15987.16016,16041.58984,15615.11035,15616.38965,434222,15950,16002,15584,15632,223759,22
2021/1/18,-1551401722,10775984,-3131,-27983,-2602,-1331,15676.4502,15676.4502,15320.96973,15612,312822,15637,15679,15327,15608,177694,18
2021/1/19,6621592823,812799155,-1997,-29982,-444,-1767,15716.63965,15928.13965,15716.63965,15877.37012,317796,15714,15946,15710,15888,147332,19
2021/1/20,-21545509864,547034358,2007,-16717,-6327,-6519,15934.84961,16004.32031,15745.48047,15806.17969,415877,15899,15964,15735,15766,118863,11
2021/1/21,2121669007,-778878319,-2668,-20581,1774,39,15775.73047,16238.45996,15775.73047,16153.76953,356019,15803,16183,15769,16125,230909,13
2021/1/22,-34386080509,2585344433,-6170,-27551,-9963,-6724,15984.88965,16138.04004,15973.01953,16019.03027,402819,16051,16085,15928,15977,160939,16
2021/1/25,-20976226971,4125972271,-1572,-29123,-422,-7146,16006.20996,16014.95996,15772.62988,15946.54004,352054,15956,16004,15719,15911,167677,21
2021/1/26,-28856981467,493214580,3721,-27504,-3382,-2120,15955.16016,16023.87012,15589.20996,15658.84961,353440,15865,15974,15537,15628,228656,10
2021/1/27,-5305691863,-448545637,-606,-28106,1224,-821,15711.75977,15837.46973,15642.12012,15701.4502,292068,15725,15814,15585,15657,183160,13
2021/1/28,-32542976515,1501041953,294,-27807,1276,435,15519.84961,15557.01953,15367.4502,15415.87988,360048,15411,15524,15305,15382,201717,10
2021/1/29,-34697887095,203229899,9234,-17366,7828,3435,15544.36035,15603.41016,15138.30957,15138.30957,355805,15498,15539,15070,15070,203165,4
2021/2/1,14587240096,-406163118,-2225,-19624,1982,5385,15176.55957,15429.98047,15089.95996,15410.08984,274715,15156,15398,15090,15362,163989,11
2021/2/2,9291005290,783733756,769,-18855,2883,8268,15546.69043,15838.15039,15546.69043,15760.04981,307276,15469,15820,15459,15752,175219,25
2021/2/3,-333382802,-9148804,-2888,-21742,-5299,2938,15828.63965,15896.40039,15741.16016,15771.32031,276367,15864,15875,15716,15773,140751,30
2021/2/4,-11697349639,354152494,856,-20889,-30,2920,15697.75,15801.37012,15606.74023,15706.21973,254194,15721,15777,15542,15696,159312,29
2021/2/5,-5625328575,611193500,-1773,-22661,213,3129,15805.75977,15938.08984,15774.33984,15802.40039,281386,15809,15984,15751,15802,158598,36
2021/2/17,29725762011,630463790,448,-16991,3552,1209,16197.4502,16406.7793,16197.4502,16362.29004,413910,16261,16433,16179,16326,97721,43
2021/2/18,-3246590716,508644714,-6168,-23149,-7461,-6292,16366.23047,16517.73047,16323.21973,16424.50977,366150,16374,16525,16287,16380,152630,43
2021/2/19,-18928198331,-163093179,1208,-21938,-343,-6647,16376.91016,16382.7002,16211.25,16341.37988,347523,16301,16328,16130,16309,152523,43
2021/2/22,-2873908839,551578626,-3350,-26187,-3449,-6500,16445.86914,16579.16992,16410.16016,16410.16016,352892,16480,16564,16336,16382,151198,43
2021/2/23,4251709014,725190798,-1605,-27792,-550,-7050,16320.87988,16467.75,16211.75,16443.40039,367971,16223,16451,16182,16434,136215,45
2021/2/24,-23926794406,641549367,1159,-29148,-7089,-4153,16329.54004,16456.93945,16212.53027,16212.53027,383920,16300,16435,16133,16181,178933,39
2021/2/25,23132222991,-1450326982,666,-28482,7843,3690,16376.79981,16474.05078,16322.26953,16452.17969,351772,16388,16422,16243,16387,133867,42
2021/2/26,-94407572721,1651604681,-72,-29435,-12220,-5006,16190.04004,16190.04004,15953.79981,15953.79981,433160,16037,16118,15852,15931,197407,23
2021/3/2,-6783497364,225521611,4671,-24753,5153,103,16127.87012,16262.91016,15946.87988,15946.87988,334518,16249,16277,15868,15904,146154,23
2021/3/3,14107421901,136788110,-206,-24961,8009,8115,15992.32031,16211.73047,15884.54981,16211.73047,302895,16000,16196,15885,16179,151843,37
2021/3/4,-52515040476,1288077606,1192,-23750,-7755,232,16091.75,16091.75,15840.99023,15906.41016,328536,16025,16066,15756,15922,198456,23
2021/3/5,-26352191942,1701455371,-1146,-25695,84,3512,15759.58008,15934.42969,15636.42969,15855.23047,303899,15601,15914,15570,15847,167919,20
2021/3/8,-16700698758,1691948294,5501,-20194,-1220,2292,15943.37012,16074.96973,15816.5,15820.11035,282248,15950,16095,15767,15819,175185,21
2021/3/9,-3086876259,1165454772,-3726,-23925,561,2873,15715.07031,15864.25977,15657.91992,15853.08984,322872,15810,15848,15608,15822,170632,30
2021/3/10,-3819512682,858399041,2236,-21680,3075,5930,15921.4502,15986.07031,15857.32031,15911.66992,260659,15977,15986,15808,15885,135501,32
2021/3/11,19511991064,1074113725,-6257,-27138,2436,5166,15947.20996,16216.21973,15947.20996,16179.55957,327568,15951,16214,15942,16169,134051,40
2021/3/12,6026199047,1932055214,-1721,-28859,-4842,324,16241.54981,16298.03027,16166.34961,16255.17969,298700,16276,16288,16155,16223,111293,43
2021/3/15,-2974472533,487632010,-616,-30305,-3877,-233,16256.58008,16281.91016,16194.91016,16249.33008,264789,16206,16249,16142,16199,104394,36
2021/3/16,-1161892191,682438097,3403,-26901,4915,4678,16253.92969,16340.66016,16244.99023,16313.16016,296654,16250,16348,16213,16305,108989,38
2021/3/17,-12942654783,507202700,-6958,-27350,-7339,-6971,16312.98047,16349.20996,16166.34961,16215.82031,311923,16304,16336,16161,16177,70738,38
2021/3/18,10805395460,25297049,635,-26714,3881,-3094,16264.61035,16410.01953,16264.61035,16287.83984,326222,16255,16401,16220,16235,138552,37
2021/3/19,-38761137304,297909756,-679,-27393,-8644,-11738,16186.45996,16186.45996,16022.16992,16070.24023,391214,16100,16110,15953,16010,149625,22
2021/3/22,-5075845890,-35020385,2440,-24953,9450,-2288,16065.5,16235.62988,15983.76953,16189.21973,333057,16018,16174,15911,16137,134411,24
2021/3/23,-5380017891,475269720,-1024,-25977,-3446,-5734,16250.2002,16351.37988,16166.29004,16177.58984,347101,16223,16277,16103,16119,116851,23
2021/3/24,-35772021619,198057740,-2241,-28218,-3148,-8882,15994.95996,16125.54004,15967.9502,16032.12012,316426,16019,16062,15939,15981,131597,24
2021/3/25,-16573118715,-22596458,3113,-25105,4023,-4859,16010.54004,16146.58008,15944.95996,16060.13965,317824,15890,16090,15870,16030,136130,33
2021/3/26,23139939541,1061940103,2270,-22835,10260,5401,16140.37012,16325.62012,16140.37012,16305.87988,297831,16095,16293,16081,16285,123617,42
2021/3/29,8717923696,455684014,1594,-20341,361,2162,16411.66992,16520.89063,16411.66992,16475.9707,324064,16370,16485,16350,16408,112020,45
2021/3/30,11220534957,2261188934,976,-19365,3044,5206,16490.31055,16556.18945,16438.40039,16554.90039,311586,16469,16531,16418,16520,100761,48
2021/3/31,-16528772639,245687342,-2014,-21379,-6765,-1559,16529.23047,16550.19922,16427.19922,16431.13086,333760,16540,16549,16403,16423,103715,42
2021/4/1,15455553383,918483074,1563,-19816,6220,4661,16538.2793,16602.4707,16496.16016,16571.2793,323431,16535,16587,16452,16549,114810,44
2021/4/6,14450714092,-264329385,695,-19121,1849,6510,16711.78906,16804.44922,16711.78906,16739.86914,337312,16760,16840,16697,16728,103529,44
2021/4/7,6457424297,-479582807,-3746,-22867,-2071,4440,16771.34961,16816.33984,16715.32031,16815.35938,340787,16777,16788,16673,16767,92977,45
2021/4/8,1113326398,981464746,-495,-23362,2282,6722,16786.56055,16926.7207,16735.7793,16926.43945,385904,16715,16930,16687,16927,111152,35
2021/4/9,-4614873484,-590866740,-2090,-25452,-9459,-2737,16974.2793,17016.13086,16815.58984,16854.09961,437451,16952,16971,16810,16839,102569,31
2021/4/12,-7529123097,918809671,-520,-25972,2431,-306,16908.55078,16979.34961,16793.53906,16859.69922,421371,16895,16965,16760,16835,112795,28
2021/4/13,-1752357794,-1624116124,566,-25406,-1214,-1520,16872.40039,17041.36914,16802.2207,16824.91016,464165,16910,17046,16780,16793,149762,32
2021/4/14,-1796076733,-592145411,236,-25170,2340,831,16869.7793,16935.39063,16559.57031,16865.9707,484767,16860,16917,16592,16857,184815,32
2021/4/15,4310911780,-332762983,576,-24594,2223,3054,16851.06055,17076.73047,16851.06055,17076.73047,361988,16881,17074,16852,17069,131402,39
2021/4/16,6101316943,-212154283,-3506,-28850,-3467,2587,17028.34961,17158.81055,16998.91016,17158.81055,425676,17062,17160,16990,17156,123693,44
2021/4/19,6238221715,234886332,4315,-24535,2610,5197,17141.25,17294.15039,17135.51953,17263.2793,441377,17118,17296,17111,17269,103693,41
2021/4/20,-1586708361,-6155311,-4296,-28832,-2736,2465,17231.58008,17323.86914,17175.01953,17323.86914,440600,17238,17324,17206,17320,98908,46
2021/4/21,-20261092034,-190301054,-789,-26668,-6695,-6671,17282.75977,17282.75977,17167.39063,17202.10938,440747,17225,17270,17150,17232,82241,32
2021/4/22,2914215185,101338951,-966,-28734,-42,-2313,17302.73047,17428.15039,17066.16992,17096.9707,646674,17258,17369,17053,17106,189589,36
2021/4/23,19075212656,138854021,-723,-29457,7141,4828,17117.49023,17300.26953,17055.48047,17300.26953,455401,17061,17260,17041,17255,122622,39
2021/4/26,16016229585,-861521947,-1029,-30486,3111,7939,17378.35938,17572.28906,17378.35938,17572.28906,468953,17337,17536,17323,17526,127950,43
2021/4/27,3048711148,-1400362414,-967,-31451,-1708,6223,17586.01953,17630.18945,17489.71094,17595.90039,497072,17532,17576,17460,17570,120396,40
2021/4/28,6004883202,-1166394950,-1888,-33341,-4944,1276,17610.7207,17628.81055,17497.74023,17567.5293,507533,17548,17563,17475,17533,101911,33
2021/4/29,-6300959733,-1855170555,1317,-32008,2230,3442,17646.92969,17709.23047,17548.30078,17566.66016,542142,17578,17702,17531,17569,150269,27
2021/5/3,-8169386416,-2406658800,-4432,-36251,-15645,-12959,17505.51953,17546.93945,17222.34961,17222.34961,588969,17501,17534,17226,17254,184111,13
2021/5/4,88845109,-2073091682,-1655,-39364,-8292,-15419,17249.56055,17328.55078,16647.60938,16933.7793,665107,17271,17309,16668,16931,242616,8
2021/5/5,-13272002957,208771849,2946,-38754,1250,-4825,16968.75,17052.19922,16843.43945,16843.43945,456260,16847,17020,16756,16765,156840,9
2021/5/6,-6915210329,1668278561,4580,-34174,6748,1923,16925.51953,17088.73047,16764.71094,16994.35938,490750,16884,17081,16700,16945,197276,14
2021/5/7,16062518916,891134033,-1861,-36030,1431,3334,17032.23047,17285,17032.23047,17285,453530,17120,17288,17060,17283,142200,25
2021/5/10,-2494685377,1668546789,-1490,-37519,-6780,-3450,17274.23047,17304.4707,17188.15039,17235.60938,492356,17369,17373,17178,17229,125035,29
2021/5/11,-42423134418,1518689796,5351,-32518,-9321,-11371,17137.18945,17137.18945,16460.86914,16583.13086,716467,16968,16970,16425,16561,244440,12
2021/5/12,-12179251009,386191584,7655,-24863,10316,-1061,16515.88086,16552.63086,15165.26953,15902.37012,773718,16503,16531,15027,15697,365411,2
2021/5/13,-22669904448,866042117,2209,-21792,3304,-1205,15668.33008,16031.92969,15368.54004,15670.09961,569071,15538,15991,15348,15566,233258,1
2021/5/14,-13655889805,2492694055,5362,-15524,7131,2302,15819.24023,16075.48047,15702.09961,15827.08984,511759,15800,16021,15653,15766,214588,6
2021/5/17,33417037041,1031082895,76,-15406,385,2519,15554.99023,15719.74023,15159.86035,15353.88965,480839,15183,15735,15096,15263,256186,2
2021/5/18,22134308469,1287331670,-4707,-20104,4274,6757,15564.95996,16153.76953,15564.95996,16145.98047,410999,15563,16180,15501,16147,202938,19
2021/5/19,-29381563048,2195287829,-323,-20081,-5252,-2405,16112.20996,16273.98047,16009.75977,16132.66016,439113,16122,16248,15979,16137,114484,15
2021/5/20,-17109308500,-1060272738,1116,-18983,-997,-3330,16122.51953,16154.08008,15943.4502,16042.36035,466537,16078,16113,15854,15974,157622,15
2021/5/21,17446282338,-707571972,-2343,-21320,654,-2700,16136.86035,16431.14063,16136.86035,16302.05957,431077,16222,16425,16072,16259,183298,32
2021/5/24,-135904573,1711397844,-2965,-24270,-1924,-4684,16246.51953,16397.58984,16136.96973,16338.29004,423738,16079,16368,16069,16291,138208,34
2021/5/25,-1184015725,1389845624,1330,-22944,4658,-10,16444.75,16657.59961,16444.75,16595.66992,528238,16463,16623,16425,16584,144135,45
2021/5/26,1950381083,260260184,341,-22594,-3011,-3081,16645.16992,16706.28906,16523.23047,16643.68945,426639,16616,16664,16504,16614,104478,44
2021/5/27,-12340267525,2579819393,-766,-23354,-1363,-4468,16591.69922,16601.60938,16419.41992,16601.60938,534428,16593,16595,16219,16533,149942,35
2021/5/28,18694643673,3977028394,-711,-24066,1106,-3358,16690.03906,16889.00977,16690.03906,16870.85938,495031,16731,16878,16673,16863,124066,43
2021/5/31,13131089638,-42111098,-694,-24752,-540,-3930,16948.4707,17113.33008,16939.91016,17068.42969,537242,16891,17098,16884,17011,143308,48
2021/6/1,2022800862,744951234,-525,-25277,537,-3393,17098.49023,17184.30078,17060.44922,17162.38086,463000,17050,17148,17015,17131,115114,47
2021/6/2,-9446139673,-406619171,748,-24529,-1276,-4650,17192.91016,17274.66016,17056.41992,17165.03906,538130,17171,17198,17016,17102,120160,47
2021/6/3,8149071626,766289683,-482,-24980,-190,-4964,17201.30078,17311.2793,17198.89063,17246.16016,481420,17253,17313,17147,17226,129589,43
2021/6/4,-16649837346,-47528128,-2854,-27839,-3120,-8064,17225.06055,17225.06055,17084.49023,17147.41016,438793,17051,17159,17025,17103,108210,38
2021/6/7,-7821698380,1851078448,480,-27364,1514,-6530,17176.08984,17189.23047,16775.84961,17083.91016,490165,17212,17229,16719,17090,175647,29
2021/6/8,-6174764978,1435640170,-846,-28205,-819,-7369,17094.33984,17181.51953,17056.5293,17076.21094,348637,17190,17198,17030,17090,102166,33
2021/6/9,-14822988757,-230307715,778,-28668,-2175,-4597,17082.51953,17082.51953,16907.42969,16966.2207,399152,16997,17073,16889,16959,119873,16
2021/6/10,18303178018,-1844618426,-1002,-29672,1986,-2603,17024.53906,17159.2207,16978.00977,17159.2207,409842,17035,17175,16992,17157,125623,23
2021/6/11,10663066297,-101108925,550,-29119,636,-1979,17200.44922,17278.55078,17193.60938,17213.51953,408847,17189,17298,17189,17217,101771,21
2021/6/15,14285546665,-1452510995,-2158,-31269,-352,-2363,17279.69922,17371.28906,17279.69922,17371.28906,433997,17322,17402,17276,17397,95947,24
2021/6/16,-18181796580,-1163885615,2422,-29018,-1339,-3998,17357.36914,17398.2207,17275.01953,17307.85938,568840,17324,17398,17033,17346,66466,25
2021/6/17,-6714953398,833684740,-4051,-33088,-3367,-7289,17254.83984,17390.60938,17150.51953,17390.60938,440278,17070,17298,17039,17295,101438,24
2021/6/18,-15813932136,-2483794747,1477,-31612,-1441,-8726,17384.74023,17417.5,17318.53906,17318.53906,536459,17315,17332,17212,17254,96037,15
2021/6/21,-33278628535,-615203590,126,-31474,-3304,-12078,17305.49023,17305.49023,17023.31055,17062.98047,512248,17048,17149,16891,16963,141900,12
2021/6/22,-10788215856,278446152,395,-31072,1229,-10877,17162.71094,17270.4707,17075.55078,17075.55078,546653,17155,17180,16988,17026,100063,13
2021/6/23,10955989945,-1626517922,-1407,-32464,4269,-6745,17127.58984,17375.78906,17127.58984,17336.71094,525821,17100,17319,17059,17267,126850,32
2021/6/24,4000769429,-25579039,973,-31494,-2041,-8774,17358.57031,17439.63086,17319.89063,17407.96094,417157,17298,17398,17261,17338,92443,30
2021/6/25,8796583711,966946877,1978,-29494,4412,-4450,17471.07031,17597.33008,17471.07031,17502.99023,477470,17438,17562,17377,17423,113729,41
2021/6/28,5375005044,-1752758533,-552,-30034,-655,-5153,17531.82031,17595.50977,17481.23047,17590.9707,441496,17484,17560,17398,17533,81297,36
2021/6/29,-14334288786,80105703,731,-29302,-1925,-7082,17621.15039,17713.24023,17541.14063,17598.18945,594034,17595,17623,17451,17530,114812,37
2021/6/30,20437547423,-121408502,218,-29071,4301,-2854,17648.25,17797.26953,17648.25,17755.46094,535151,17609,17766,17583,17712,104138,39
2021/7/1,-17967550398,-1456468630,-821,-29913,-5172,-7942,17801.18945,17863.90039,17644.35938,17713.93945,643771,17678,17774,17555,17646,122670,32
2021/7/2,-19989559906,-1846271487,1054,-28865,2452,-5466,17745.68945,17795.88086,17676.98047,17710.15039,608647,17651,17724,17588,17649,101422,32
2021/7/5,11528688446,-1407666074,778,-28080,5889,395,17783.80078,17945.51953,17783.80078,17919.33008,607176,17755,17920,17742,17896,107590,45
2021/7/6,119632366,-293440639,-923,-29013,-5326,-4891,17929.2207,18008.36914,17895.7793,17913.07031,601880,17956,17974,17858,17875,84402,39
2021/7/7,-11685968917,-1321418440,1593,-27435,-790,-5622,17901.25,17933.61914,17756.82031,17850.68945,585403,17821,17906,17715,17826,109363,37
2021/7/8,-3814097184,-1397574883,-68,-27497,-946,-6592,17880.90039,17935.10938,17742.08008,17866.08984,639113,17876,17897,17694,17823,115957,36
2021/7/9,-41143943543,-514000087,-1243,-28740,-4052,-10644,17778.11914,17778.11914,17597.46094,17661.48047,544253,17662,17700,17526,17661,137893,24
2021/7/12,15466781595,-3038513804,-524,-29256,4884,-5792,17843.30078,17947.90039,17759.90039,17814.33008,555336,17848,17960,17770,17826,127599,26
2021/7/13,23164457975,557783657,1024,-28212,1802,-4070,17931.4707,18018.03906,17786.75977,17847.51953,657631,17958,18030,17824,17869,123135,32
2021/7/14,15311732728,-3224467900,1077,-27147,-840,-4837,17892.50977,17940.85938,17716.43945,17845.75,574340,17846,17924,17748,17871,119916,30
2021/7/15,16434357982,-1823549032,-898,-28043,2013,-2832,17878.7793,18034.18945,17878.7793,18034.18945,455675,17919,18046,17868,18021,102463,31
2021/7/16,-22544083711,-187401053,-1533,-29577,-9955,-12783,17839.58008,17926.38086,17779.60938,17895.25,574086,17826,17928,17772,17924,108258,31
2021/7/19,-42404794526,-866027731,-2509,-33866,-983,-6646,17854.34961,17854.34961,17708.15039,17789.25,468621,17717,17813,17647,17793,123996,30
2021/7/20,-25571806597,-1433341258,-2585,-36438,2823,-3875,17724.91992,17724.91992,17500.68945,17528.74023,469618,17680,17716,17478,17558,133433,12
2021/7/21,-15896528699,-2041842020,2270,-35205,-4476,-4662,17593.59961,17707.56055,17352.24023,17458.78906,614334,17655,17674,17376,17431,85406,18
2021/7/22,35927560979,2109585181,25,-35187,6647,2013,17482.81055,17667.38086,17482.81055,17572.33008,585471,17441,17525,17347,17406,124261,28
2021/7/23,2539243014,538820300,-181,-35363,-2117,-124,17603.94922,17672.59961,17511.85938,17572.91992,565558,17486,17559,17380,17406,115751,25
2021/7/26,-17761293539,-566901565,928,-34437,-6102,-6218,17554.92969,17637.35938,17403.56055,17403.56055,456847,17473,17479,17203,17203,108562,19
2021/7/27,-3565491500,-958672948,-321,-34740,4750,-1540,17394.76953,17459.34961,17264.5,17269.86914,505795,17322,17348,17153,17168,118237,17
2021/7/28,-22015014415,-855242752,3288,-31456,-3593,-5131,17252.86914,17252.86914,16893.69922,17135.2207,556504,17062,17136,16733,16965,203251,12
2021/7/29,19137651716,1269628932,3083,-28366,10477,5318,17216.58008,17402.81055,17190.48047,17402.81055,469255,17136,17332,17068,17327,123014,24
2021/7/30,-17368927876,-97909733,235,-28141,-5682,-324,17414.76953,17429.00977,17237.66992,17247.41016,537419,17285,17299,17126,17174,116506,19
2021/8/2,24571426137,-799752081,-1681,-29811,4599,4231,17256.60938,17503.2793,17231.2207,17503.2793,436779,17313,17470,17160,17467,131017,33
2021/8/3,939099728,-410884819,1257,-28545,-3781,414,17489.11914,17553.75977,17456.19922,17553.75977,384987,17426,17496,17361,17484,95188,33
2021/8/4,10619320741,-2802336606,1224,-27318,2840,3253,17588.64063,17636.10938,17557.17969,17623.89063,374846,17491,17586,17464,17571,89061,37
2021/8/5,4902550907,-1563302340,-2966,-30283,-6057,-2808,17624.82031,17643.9707,17566.7207,17603.11914,381790,17570,17584,17520,17544,65462,33
2021/8/6,-8542208839,-977927300,1871,-28413,3902,1098,17593.84961,17593.84961,17469.67969,17526.2793,398683,17555,17560,17353,17439,110072,35
2021/8/9,-7007743666,157311170,2030,-26348,1723,2773,17505.00977,17510.08984,17350.15039,17485.15039,349809,17438,17448,17235,17406,124437,32
2021/8/10,-6415486630,428470371,-1574,-27922,-6737,-3964,17492.44922,17524.91016,17305.06055,17323.64063,350847,17396,17443,17259,17295,108944,18
2021/8/11,6549226618,-371214837,-3782,-31707,-1604,-5546,17308.61914,17327.19922,17090.25,17227.17969,389105,17217,17298,17078,17170,140881,17
2021/8/12,5144221487,1206072527,1219,-30489,156,-5386,17221.34961,17233.10938,17139.21094,17219.93945,319640,17207,17235,17125,17158,91328,18
2021/8/13,-23642154702,1856860381,-1237,-32082,-3685,-7647,17216.33984,17216.33984,16978.10938,16982.10938,380256,17185,17190,16936,16936,148748,9
2021/8/16,4752239728,-1128927980,4039,-28069,7794,199,16941.33008,16983.58984,16773.57031,16858.76953,333769,16829,16936,16750,16774,134302,2
2021/8/17,-8733907481,1393535523,951,-27121,1494,1705,16841.61914,16870.55078,16657.63086,16661.35938,296568,16850,16873,16576,16578,117535,5
2021/8/18,-2235426527,1016901113,-2077,-27393,6453,877,16630.99023,16826.26953,16418.53906,16826.26953,417938,16440,16796,16389,16785,100813,14
2021/8/19,-49688576679,1386558431,3558,-23836,-8842,-7961,16777.7793,16777.7793,16375.40039,16375.40039,432365,16611,16648,16256,16328,196405,4
2021/8/20,-12994928051,2012472656,3196,-20640,6333,-1628,16426.98047,16507.10938,16248.08008,16341.94043,348766,16297,16426,16145,16188,175854,7
2021/8/23,14622052654,1836029840,-1582,-22213,5573,3909,16459.13086,16785.28906,16459.13086,16741.83984,364253,16427,16729,16393,16679,127180,21
2021/8/24,-11270348511,961498924,1033,-21172,-1695,2182,16830.63086,16904.30078,16779.90039,16818.73047,413900,16822,16842,16717,16781,90435,28
2021/8/25,17107527667,730306277,157,-21017,3432,5634,16821.08008,17045.85938,16821.08008,17045.85938,359899,16794,16982,16785,16962,109356,40
2021/8/26,-15665754493,1110965800,1082,-19929,-5166,444,17177.39063,17201.41992,16984.68945,17066.96094,373380,17103,17125,16882,16993,127057,33
2021/8/27,18233069953,-884470954,2357,-17571,4621,5061,17061.09961,17229.89063,17000.25977,17209.92969,315722,16940,17218,16908,17172,122437,39
2021/8/30,21248387243,825212368,-1729,-19298,-721,4332,17244.61914,17396.51953,17244.61914,17396.51953,270341,17249,17353,17206,17335,95648,43
2021/8/31,25050225709,40664734,128,-19164,1051,5359,17384.60938,17490.28906,17207.57031,17490.28906,336448,17276,17468,17144,17455,138296,40
2021/9/1,14474578490,-592776745,-1036,-20199,-5059,299,17463.80078,17503.92969,17415.51953,17473.99023,361335,17408,17500,17363,17474,110383,38
2021/9/2,-2307414740,-856855569,4404,-15805,1065,1404,17455.91992,17523.16016,17319.75977,17319.75977,348163,17434,17507,17266,17319,136520,30
2021/9/3,32088019893,864496798,-4014,-19816,2006,3398,17380.51953,17540.7793,17380.51953,17516.91992,362349,17442,17553,17370,17508,114052,37
2021/9/6,7666042064,-1252559575,3523,-16296,734,4144,17534.05078,17633.66992,17461.07031,17495.30078,374194,17440,17596,17425,17493,118794,27
2021/9/7,6690800894,-1488392384,715,-15580,-318,3822,17534.38086,17559.21094,17388.36914,17428.86914,335130,17522,17529,17337,17424,125058,22
2021/9/8,-1072311064,-434523230,1383,-14197,-447,3366,17411.5293,17447.58008,17167.08008,17270.49023,321762,17395,17426,17163,17260,151432,16
2021/9/9,-637610085,337589613,1043,-11655,-1457,-4087,17175.03906,17319.08984,17122.94922,17304.33008,244534,17142,17291,17084,17238,124510,9
2021/9/10,14973318520,457382200,-2651,-14302,2767,-1336,17270.2793,17474.57031,17270.2793,17474.57031,265915,17300,17479,17284,17473,108107,25
2021/9/13,-555252442,126195294,-1108,-15403,-4700,-6064,17452.16016,17482.57031,17387.57031,17446.31055,253364,17434,17492,17356,17441,100818,32
2021/9/14,6542960194,751046520,28,-15368,2464,-3628,17463.7793,17529.4707,17424.53906,17434.90039,257971,17541,17569,17426,17462,89375,33
2021/9/15,1864531825,2327395581,2607,-15086,358,-3543,17434.01953,17439.75,17316.51953,17354,265010,17403,17433,17280,17382,72267,29
2021/9/16,-4981326651,515936138,-2912,-17997,-3102,-6649,17332.33984,17411.36914,17254.09961,17278.69922,239070,17337,17362,17191,17247,93113,27
2021/9/17,1622490261,1208765871,1381,-16613,4397,-2264,17279.28906,17408.71094,17235.44922,17276.78906,311589,17256,17395,17165,17294,117475,21
2021/09/22,-35557987188,2108266684,-1201,-17828,-9768,-12042,17196.789063,17196.789063,16838.580078,16925.820313,293612.0,16835.0,16940.0,16751.0,16900.0,134513.0,11
2021/09/23,3591359479,-257635788,1334,-16468,2117,-10029,16998.070313,17145.25,16998.070313,17078.220703,251449.0,17020.0,17130.0,16985.0,17080.0,99495.0,20
2021/09/24,7909163814,134400279,-985,-17463,222,-9767,17130.740234,17273.589844,17130.740234,17260.189453,276103.0,17191.0,17275.0,17170.0,17248.0,92934.0,24
2021-09-27,10780617291,1040909616,-1888,-19326,-4830,-14697,17278.109375,17335.990234,17235.679688,17313.769531,291252.0,17247.0,17344.0,17222.0,17292.0,94561.0,26
2021-09-28,-13955318242,-402543864,2422,-18446,-1061,-9590,17286.890625,17286.890625,17113.470703,17181.439453,255851.0,17182.0,17183.0,17042.0,17170.0,103410.0,20
2021-09-29,-35505467759,2919639897,251,-18170,-9754,-19512,17127.859375,17127.859375,16801.779297,16855.460938,324161.0,16926.0,16937.0,16760.0,16818.0,148385.0,11
2021-09-30,-7887959035,2205296967,1421,-16731,3319,-16265,16886.570313,16994.210938,16767.199219,16934.769531,270031.0,16803.0,16966.0,16704.0,16919.0,129052.0,11
2021-10-01,-39645844976,1806924254,3699,-13037,-4935,-21180,16883.0,16883.0,16503.740234,16570.890625,340454.0,16800.0,16805.0,16415.0,16518.0,162660.0,3
